Gene,Variation,CS,error_rate,dataset,AF2_pLDDT,AF2_SASA,PDB_SASA
GNB1,R304W,Benign,0.7076923076923076,clinvar,97.63,70.0,93.0
GABRD,T124A,Benign,0.71875,clinvar,96.14,29.0,
PIK3CD,Y524S,Pathogenic,0.7142857142857143,clinvar,89.24,149.0,205.0
TARDBP,S375G,Pathogenic,0.7692307692307692,clinvar,36.65,112.0,
TARDBP,N378S,Pathogenic,0.7846153846153846,clinvar,36.38,163.0,
CLCN6,R501C,Benign,0.8412698412698413,clinvar,92.13,8.0,
ATP13A2,S908L,Benign,0.7538461538461538,clinvar,89.22,1.0,
GJB4,V13M,Benign,0.7272727272727273,clinvar,66.55,15.0,
MFSD2A,P55S,Benign,0.7076923076923076,clinvar,94.19,1.0,
CLDN19,G75S,Pathogenic,0.8181818181818181,clinvar,79.21,46.0,
C8B,W452S,Benign,0.7169811320754718,clinvar,87.04,0.0,6.0
LEPR,N960K,Pathogenic,0.90625,clinvar,34.18,138.0,
CASQ1,G45D,Benign,0.703125,clinvar,94.37,54.0,42.0
PEX19,S54L,Pathogenic,0.8387096774193549,clinvar,42.31,106.0,
PTPRC,S1299R,Pathogenic,0.8148148148148149,clinvar,37.02,114.0,
KDM5B,G188E,Benign,0.71875,clinvar,61.25,57.0,
TGFB2,S73G,Benign,0.7424242424242424,clinvar,92.36,7.0,40.0
TPO,G387R,Pathogenic,0.8636363636363636,clinvar,80.51,4.0,
TPO,G803R,Pathogenic,0.8615384615384616,clinvar,75.34,77.0,
CYP1B1,M1V,Pathogenic,0.7547169811320755,clinvar,40.41,241.0,
MSH6,L1081F,Pathogenic,0.78125,clinvar,87.87,64.0,
FBXO11,N431S,Benign,0.7878787878787878,clinvar,97.83,1.0,
FBXO11,E202D,Pathogenic,0.7878787878787878,clinvar,93.62,92.0,
FBXO11,K135R,Pathogenic,0.7121212121212122,clinvar,30.24,210.0,
SPTBN1,A2244D,Pathogenic,0.75,clinvar,76.37,95.0,
GFPT1,K133R,Pathogenic,0.803030303030303,clinvar,98.21,55.0,
ALMS1,H1155Y,Pathogenic,0.9347826086956522,clinvar,,,
ALMS1,P1459S,Pathogenic,0.8478260869565217,clinvar,,,
ALMS1,S1895C,Pathogenic,0.8846153846153846,clinvar,,,
AFF3,Q1020R,Pathogenic,0.8852459016393442,clinvar,82.29,140.0,
MERTK,Y812C,Benign,0.7538461538461538,clinvar,95.18,65.0,
PTPN4,R309H,Benign,0.8125,clinvar,92.25,111.0,
ERCC3,M590R,Benign,0.7121212121212122,clinvar,86.5,105.0,84.0
ARL6IP6,L125F,Pathogenic,0.7619047619047619,clinvar,82.96,117.0,
ACVR1,V376M,Benign,0.7692307692307692,clinvar,84.51,25.0,77.0
FARSB,Q143R,Benign,0.75,clinvar,96.22,27.0,
CUL3,R364H,Benign,0.7377049180327868,clinvar,97.29,188.0,
AGAP1,G83S,Benign,0.8387096774193549,clinvar,93.07,10.0,
ANO7,E858K,Benign,0.7619047619047619,clinvar,94.06,35.0,
VHL,M54R,Pathogenic,0.7121212121212122,clinvar,43.51,191.0,84.0
SLC6A1,R195C,Benign,0.765625,clinvar,95.6,124.0,
SLC6A1,R417C,Benign,0.7692307692307692,clinvar,92.43,30.0,
SLC6A1,Y551C,Benign,0.765625,clinvar,97.33,46.0,
PPARG,Y123C,Pathogenic,0.7076923076923076,clinvar,34.55,212.0,
RARB,G251V,Pathogenic,0.7272727272727273,clinvar,96.83,51.0,
GLYCTK,R216W,Benign,0.7727272727272727,clinvar,91.83,62.0,
WNT5A,C115G,Benign,0.8484848484848485,clinvar,95.74,0.0,
PROS1,M1L,Pathogenic,0.736842105263158,clinvar,31.82,244.0,
COPB2,V83M,Benign,0.796875,clinvar,98.56,0.0,
GHSR,I134T,Benign,0.8181818181818181,clinvar,93.11,6.0,
MCCC1,Y387C,Benign,0.8,clinvar,97.14,2.0,
AP2M1,T134M,Benign,0.7142857142857143,clinvar,,,
AP2M1,R199W,Benign,0.75,clinvar,,,
PROM1,R820G,Benign,0.7272727272727273,clinvar,88.65,51.0,
LIAS,V319G,Benign,0.8275862068965517,clinvar,94.43,7.0,
GUF1,G406R,Benign,0.8636363636363636,clinvar,82.69,0.0,
SRP72,D480V,Benign,0.7575757575757576,clinvar,86.61,25.0,
ANKRD17,P1989R,Pathogenic,0.7543859649122807,clinvar,30.47,131.0,
ANKRD17,Q68P,Pathogenic,0.90625,clinvar,23.54,145.0,
SCARB2,F168L,Benign,0.7457627118644068,clinvar,98.16,17.0,
SLC39A8,T428I,Pathogenic,0.8947368421052632,clinvar,84.37,47.0,
LRBA,C2600Y,Benign,0.734375,clinvar,,,
VEGFC,P191R,Benign,0.711864406779661,clinvar,90.36,113.0,47.0
PRDM9,I213S,Pathogenic,0.75,clinvar,89.42,58.0,
PRDM9,K226M,Pathogenic,0.78125,clinvar,94.78,183.0,
PDE8B,V32A,Pathogenic,0.9076923076923077,clinvar,30.88,119.0,
MSH3,G1044S,Pathogenic,0.7301587301587302,clinvar,42.33,80.0,
MEF2C,Y323N,Benign,0.7301587301587302,clinvar,41.36,219.0,
MEF2C,L204R,Benign,0.7450980392156863,clinvar,45.37,147.0,
MEF2C,V65A,Benign,0.9090909090909091,clinvar,98.08,19.0,
PPP2CA,G168C,Benign,0.8461538461538461,clinvar,98.82,0.0,0.0
PPP2R2B,L39V,Benign,0.7377049180327868,clinvar,98.31,0.0,
GABRB2,M285T,Benign,0.803030303030303,clinvar,93.54,0.0,
GABRB2,S211F,Benign,0.7121212121212122,clinvar,93.37,46.0,
GABRB2,M139I,Benign,0.7121212121212122,clinvar,95.19,54.0,
SLC34A1,G357R,Pathogenic,0.7272727272727273,clinvar,90.66,41.0,
DDX41,M1L,Pathogenic,0.7166666666666667,clinvar,33.33,244.0,
ZFP57,R185Q,Pathogenic,0.7551020408163265,clinvar,72.56,76.0,
CLIC1,G170S,Benign,0.8387096774193549,clinvar,97.19,17.0,19.0
PPP2R5D,R114P,Benign,0.7121212121212122,clinvar,92.43,67.0,
GRIK2,P72H,Benign,0.7384615384615385,clinvar,86.8,73.0,
GRIK2,Q621H,Benign,0.8181818181818181,clinvar,83.66,138.0,
WASF1,S440L,Pathogenic,0.703125,clinvar,,,
LAMA4,G1648E,Benign,0.7358490566037736,clinvar,89.39,5.0,
SASH1,T286I,Pathogenic,0.7692307692307692,clinvar,36.7,113.0,
PRKN,G359D,Benign,0.7166666666666667,clinvar,71.08,20.0,84.0
PSPH,G54R,Benign,0.7424242424242424,clinvar,60.53,74.0,
MDH2,R229G,Benign,0.7384615384615385,clinvar,98.27,87.0,
SLC25A13,N652K,Pathogenic,0.7377049180327868,clinvar,71.77,31.0,
CAV1,R146P,Benign,0.7384615384615385,clinvar,90.4,167.0,
PAX4,R39L,Benign,0.7407407407407407,clinvar,97.68,166.0,
CLN8,W213C,Benign,0.7076923076923076,clinvar,98.57,153.0,
SLC39A14,T197M,Benign,0.7169811320754718,clinvar,96.17,0.0,
GNRH1,R31H,Pathogenic,0.703125,clinvar,55.64,176.0,
ANK1,S1027R,Pathogenic,0.7936507936507937,clinvar,70.84,84.0,
SLC20A2,R609C,Benign,0.7846153846153846,clinvar,88.83,31.0,
TTPA,S140P,Benign,0.7272727272727273,clinvar,98.38,20.0,20.0
CPA6,R36H,Pathogenic,0.8153846153846154,clinvar,93.93,147.0,
NBN,G332E,Pathogenic,0.8461538461538461,clinvar,33.21,66.0,
NFIB,R37L,Benign,0.803030303030303,clinvar,95.7,97.0,
FANCG,G546S,Pathogenic,0.7076923076923076,clinvar,76.66,60.0,
GRHPR,L282F,Benign,0.7936507936507937,clinvar,98.51,0.0,
CEP78,N237S,Benign,0.703125,clinvar,94.42,3.0,
HNRNPK,D346G,Pathogenic,0.7454545454545455,clinvar,30.7,155.0,
PTCH1,A507V,Benign,0.7538461538461538,clinvar,92.53,9.0,
PTCH1,E339G,Benign,0.7333333333333334,clinvar,90.74,3.0,19.0
STXBP1,V18M,Benign,0.7575757575757576,clinvar,95.9,0.0,
STXBP1,C45F,Benign,0.7272727272727273,clinvar,91.48,15.0,
STXBP1,A177T,Benign,0.7727272727272727,clinvar,94.83,0.0,
STXBP1,D262E,Benign,0.7272727272727273,clinvar,94.71,38.0,
STXBP1,E470K,Benign,0.8,clinvar,85.59,204.0,
SFTPA2,A154P,Pathogenic,0.7857142857142857,clinvar,98.44,17.0,
BMPR1A,R478G,Pathogenic,0.7538461538461538,clinvar,97.63,165.0,
GLUD1,I485T,Benign,0.7538461538461538,clinvar,94.19,42.0,
PAPSS2,L526P,Benign,0.7580645161290323,clinvar,97.25,32.0,
HTRA1,A425V,Pathogenic,0.8769230769230769,clinvar,92.57,94.0,
PGAP2,M1V,Pathogenic,0.7321428571428572,clinvar,42.19,240.0,
SOX6,E140G,Benign,0.703125,clinvar,78.51,103.0,
CAT,G390D,Benign,0.8253968253968254,clinvar,98.39,42.0,
PDHX,M422I,Benign,0.7121212121212122,clinvar,89.91,156.0,
EXT2,E548K,Benign,0.8571428571428572,clinvar,94.13,0.0,
EXT2,D561H,Benign,0.7741935483870968,clinvar,88.91,12.0,
DDB1,R388Q,Benign,0.890625,clinvar,96.08,4.0,8.0
ASRGL1,G130R,Benign,0.796875,clinvar,98.11,60.0,
ATL3,P218S,Benign,0.7230769230769231,clinvar,,,
TCIRG1,F440S,Benign,0.7384615384615385,clinvar,88.02,93.0,
CPT1A,I653T,Benign,0.8484848484848485,clinvar,98.12,4.0,
GRIA4,R697Q,Pathogenic,0.8939393939393939,clinvar,93.87,167.0,
ATM,E1031D,Pathogenic,0.875,clinvar,,,
SDHD,L64P,Benign,0.7727272727272727,clinvar,97.15,106.0,
CDON,C1111Y,Benign,0.7692307692307692,clinvar,29.81,86.0,
KCNJ1,A101V,Pathogenic,0.8181818181818181,clinvar,97.34,39.0,
CHD4,P1115L,Benign,0.7966101694915254,clinvar,84.7,140.0,
GRIN2B,V966E,Benign,0.7166666666666667,clinvar,30.53,149.0,
GRIN2B,S811C,Benign,0.819672131147541,clinvar,56.09,39.0,
GRIN2B,M307R,Benign,0.7704918032786885,clinvar,84.83,1.0,
DIP2B,F1298C,Benign,0.7142857142857143,clinvar,95.33,1.0,
B4GALNT1,R417P,Pathogenic,0.847457627118644,clinvar,96.6,198.0,
NUP107,A362V,Benign,0.75,clinvar,91.62,0.0,
MYF6,A98S,Benign,0.7692307692307692,clinvar,95.27,59.0,
MVK,G347A,Pathogenic,0.7878787878787878,clinvar,88.12,81.0,
IFT81,M1T,Benign,0.7166666666666667,clinvar,56.51,168.0,
CENPJ,P205L,Pathogenic,0.765625,clinvar,41.18,129.0,
CDK8,R71Q,Benign,0.7230769230769231,clinvar,92.5,175.0,61.0
PDX1,E258G,Pathogenic,0.8,clinvar,52.63,160.0,
KL,H269Q,Benign,0.7121212121212122,clinvar,98.01,14.0,3.0
RB1,R46K,Pathogenic,0.7076923076923076,clinvar,35.79,243.0,
MYH6,E948G,Benign,0.703125,clinvar,79.79,100.0,
RNF31,G996S,Benign,0.7258064516129032,clinvar,87.71,24.0,19.0
FOXG1,G268V,Benign,0.8461538461538461,clinvar,72.84,83.0,
ZFYVE26,M1I,Pathogenic,0.75,clinvar,,,
ABCD4,A237T,Benign,0.734375,clinvar,94.61,68.0,
NEK9,E73D,Pathogenic,0.7121212121212122,clinvar,76.59,90.0,
FBLN5,A402V,Benign,0.703125,clinvar,97.5,0.0,
GABRA5,Y244H,Benign,0.8333333333333334,clinvar,96.55,22.0,
TTBK2,F80Y,Pathogenic,0.7173913043478262,clinvar,98.24,26.0,
TERB2,S145N,Pathogenic,0.8103448275862069,clinvar,32.79,121.0,
GATM,C87R,Pathogenic,0.7575757575757576,clinvar,98.83,0.0,0.0
KIF23,V411M,Benign,0.7538461538461538,clinvar,97.87,0.0,
CHRNA3,I451T,Benign,0.7384615384615385,clinvar,93.69,92.0,
MESD,R156H,Benign,0.7192982456140351,clinvar,,,
CHD2,I884V,Benign,0.7538461538461538,clinvar,93.03,2.0,
THOC6,S249F,Pathogenic,0.8153846153846154,clinvar,93.71,43.0,
OTOA,K292R,Pathogenic,0.7333333333333334,clinvar,,,
COG7,A606D,Pathogenic,0.8307692307692307,clinvar,47.93,68.0,
COG7,D349G,Pathogenic,0.8333333333333334,clinvar,91.7,32.0,
ARMC5,A702E,Pathogenic,0.8666666666666667,clinvar,95.23,0.0,
BBS2,T27P,Pathogenic,0.7586206896551724,clinvar,89.36,76.0,
PRPF8,D2265H,Benign,0.8153846153846154,clinvar,81.34,132.0,
PRPF8,P13L,Pathogenic,0.7936507936507937,clinvar,40.95,116.0,
KIF1C,C26R,Benign,0.75,clinvar,95.39,58.0,
MYO15A,A551T,Pathogenic,0.9016393442622951,clinvar,,,
B9D1,R114Q,Pathogenic,0.746031746031746,clinvar,97.05,179.0,
HNF1B,A502E,Benign,0.711864406779661,clinvar,42.75,91.0,
MLX,Q139R,Benign,0.75,clinvar,,,
EFTUD2,G455S,Benign,0.7424242424242424,clinvar,86.5,22.0,
EFTUD2,V97A,Benign,0.7413793103448276,clinvar,87.48,148.0,
SMARCD2,T201M,Benign,0.703125,clinvar,91.24,54.0,
PRKAR1A,R333H,Benign,0.8636363636363636,clinvar,84.46,171.0,
MRPS7,A230T,Benign,0.7301587301587302,clinvar,,,
UNC13D,G753V,Pathogenic,0.8153846153846154,clinvar,94.03,12.0,
FASN,G882D,Benign,0.7333333333333334,clinvar,75.52,56.0,
RBBP8,A825V,Pathogenic,0.7666666666666666,clinvar,78.92,69.0,
DTNA,R31Q,Benign,0.8,clinvar,95.13,145.0,
KATNAL2,M477V,Benign,0.7704918032786885,clinvar,90.91,50.0,
ATP8B1,E377D,Pathogenic,0.90625,clinvar,73.66,100.0,
ATP5F1D,Q57R,Benign,0.75,clinvar,94.17,51.0,
MAP2K2,L255P,Benign,0.8939393939393939,clinvar,97.49,0.0,
CACNA1A,A1011T,Pathogenic,0.8596491228070176,clinvar,36.9,94.0,
NOTCH3,G1097R,Benign,0.7384615384615385,clinvar,68.32,1.0,
NOTCH3,G179V,Benign,0.7741935483870968,clinvar,68.95,22.0,
COLGALT1,R155G,Benign,0.7384615384615385,clinvar,98.43,76.0,
JAK3,R403C,Pathogenic,0.7538461538461538,clinvar,96.78,6.0,
IL12RB1,R212Q,Pathogenic,0.7076923076923076,clinvar,91.82,0.0,0.0
UPF1,S724F,Benign,0.8852459016393442,clinvar,93.84,6.0,42.0
PEPD,G51R,Benign,0.8,clinvar,98.1,15.0,
ACP4,V246M,Pathogenic,0.7377049180327868,clinvar,97.36,17.0,
SLC4A11,M1V,Pathogenic,0.7962962962962963,clinvar,31.1,245.0,
BMP2,R396H,Benign,0.7142857142857143,clinvar,90.82,102.0,101.0
THBD,G430S,Benign,0.746031746031746,clinvar,89.34,20.0,
TM9SF4,G471S,Benign,0.796875,clinvar,96.07,0.0,
POFUT1,R122Q,Benign,0.746031746031746,clinvar,98.63,27.0,
DNMT3B,V544A,Pathogenic,0.8939393939393939,clinvar,90.87,81.0,
EPB41L1,R394W,Benign,0.8615384615384616,clinvar,80.07,77.0,
TTI1,S838L,Pathogenic,0.875,clinvar,32.98,111.0,
RALGAPB,P914S,Benign,0.7936507936507937,clinvar,56.15,91.0,
NCOA3,S937C,Pathogenic,0.7777777777777778,clinvar,31.13,74.0,
EEF1A2,S316L,Benign,0.7538461538461538,clinvar,92.3,48.0,
EEF1A2,G213V,Benign,0.765625,clinvar,95.58,19.0,
LIPI,H154D,Benign,0.72,clinvar,98.81,2.0,
SYNJ1,D334G,Benign,0.8392857142857143,clinvar,87.51,23.0,
TBX1,V243M,Benign,0.7575757575757576,clinvar,97.17,0.0,
PI4KA,P1883S,Benign,0.8392857142857143,clinvar,91.31,23.0,
SNAP29,D40Y,Pathogenic,0.7076923076923076,clinvar,79.19,82.0,
SMARCB1,A180P,Benign,0.8333333333333334,clinvar,95.29,83.0,
UPB1,S257L,Benign,0.7692307692307692,clinvar,98.81,0.0,
MYH9,E1601A,Benign,0.7692307692307692,clinvar,71.68,93.0,
MYH9,R1528W,Benign,0.78125,clinvar,75.11,163.0,
ADSL,R196L,Benign,0.7936507936507937,clinvar,98.83,1.0,
TNFRSF13C,A52T,Pathogenic,0.859375,clinvar,44.22,93.0,
TRMU,L11P,Benign,0.7121212121212122,clinvar,96.96,4.0,
TRMU,C222S,Benign,0.803030303030303,clinvar,69.35,83.0,
SHOX,A224T,Pathogenic,0.7115384615384616,clinvar,42.69,95.0,
PDK3,R332H,Benign,0.8235294117647058,clinvar,98.62,43.0,
PDK3,G349R,Benign,0.8653846153846154,clinvar,97.13,67.0,
ARX,R42P,Benign,0.7115384615384616,clinvar,56.53,232.0,
CASK,F890V,Benign,0.78,clinvar,91.89,27.0,
SYN1,R420Q,Pathogenic,0.8269230769230769,clinvar,67.91,138.0,
WAS,D224G,Pathogenic,0.8113207547169812,clinvar,45.82,172.0,
UBQLN2,M392V,Pathogenic,0.7735849056603774,clinvar,64.09,47.0,
IL2RG,Y219H,Benign,0.7547169811320755,clinvar,95.47,16.0,3.0
OGT,I535V,Pathogenic,0.75,clinvar,82.96,15.0,15.0
PLS3,N372S,Benign,0.7254901960784313,clinvar,97.45,19.0,19.0
IDS,A79G,Benign,0.7692307692307692,clinvar,98.81,0.0,0.0
BGN,K147N,Pathogenic,0.7169811320754718,clinvar,98.54,91.0,
ABCD1,G486R,Benign,0.7358490566037736,clinvar,78.79,0.0,
WNT4,C338F,Benign,0.8636363636363636,clinical,97.13,29.0,
WNT4,E77V,Benign,0.7424242424242424,clinical,98.75,8.0,
AK2,G205E,Benign,0.703125,clinical,95.69,48.0,
GJB3,F51V,Benign,0.8181818181818181,clinical,93.06,7.0,
ORC1,A97S,Pathogenic,0.9230769230769231,clinical,81.82,64.0,
COL11A1,G1423E,Benign,0.84375,clinical,39.83,80.0,
NOTCH2,R1787W,Benign,0.7846153846153846,clinical,52.2,157.0,
ADAR,D973N,Benign,0.7142857142857143,clinical,77.38,105.0,
ADAR,G751E,Benign,0.8888888888888888,clinical,80.99,46.0,
LHX4,D39N,Benign,0.7575757575757576,clinical,86.94,64.0,
OTOF,G524R,Benign,0.7230769230769231,clinical,69.62,64.0,
ZEB2,R302Q,Benign,0.8307692307692307,clinical,85.14,38.0,
IFIH1,C962R,Benign,0.7538461538461538,clinical,90.96,3.0,3.0
HOXD13,R307Q,Benign,0.7076923076923076,clinical,98.29,142.0,
COL3A1,P1270R,Benign,0.7230769230769231,clinical,94.77,105.0,
SATB2,P603L,Pathogenic,0.8939393939393939,clinical,62.38,120.0,
COL4A3,G58D,Benign,0.8,clinical,58.0,71.0,
TWIST2,Y143N,Benign,0.78125,clinical,93.69,166.0,
HDAC4,G875E,Benign,0.8153846153846154,clinical,98.58,0.0,0.0
ITPR1,H194L,Benign,0.7142857142857143,clinical,,,
PTH1R,T192I,Benign,0.7384615384615385,clinical,92.82,53.0,
CACNA1D,T356S,Benign,0.7846153846153846,clinical,93.49,1.0,
FLNB,G531R,Benign,0.8307692307692307,clinical,73.77,62.0,
UBA5,D389G,Pathogenic,0.7384615384615385,clinical,51.5,158.0,
NPHP3,L1241S,Benign,0.8461538461538461,clinical,90.43,28.0,
BFSP2,L140P,Benign,0.7575757575757576,clinical,86.8,114.0,
FOXL2,R123L,Benign,0.7846153846153846,clinical,71.3,202.0,
RBPJ,P260R,Benign,0.8181818181818181,clinical,96.3,61.0,
PITX2,R115G,Benign,0.8571428571428572,clinical,98.38,40.0,
LARP7,K276N,Pathogenic,0.7777777777777778,clinical,32.18,206.0,
FAT4,T948A,Pathogenic,0.9047619047619048,clinical,,,
FAT4,S3824N,Pathogenic,0.8095238095238095,clinical,,,
ANKH,Y112C,Benign,0.7121212121212122,clinical,87.65,124.0,
ANKH,R36Q,Benign,0.7575757575757576,clinical,90.7,112.0,
SLC25A46,G87D,Pathogenic,0.8307692307692307,clinical,29.74,68.0,
FBN2,N1642Y,Benign,0.7777777777777778,clinical,,,
GABRA1,V324L,Benign,0.8636363636363636,clinical,96.26,1.0,
FOXC1,M89V,Benign,0.75,clinical,95.23,11.0,
CUL7,A993V,Benign,0.7096774193548387,clinical,87.77,2.0,
RUNX2,A166S,Benign,0.78125,clinical,97.69,8.0,
ARID1B,E1194K,Benign,0.7872340425531915,clinical,,182.0,
TBX20,T123I,Benign,0.8636363636363636,clinical,98.34,41.0,
BRAF,Y633H,Benign,0.8103448275862069,clinical,89.84,28.0,52.0
EZH2,V172M,Benign,0.7272727272727273,clinical,92.23,16.0,
SHH,A94V,Benign,0.8615384615384616,clinical,95.2,6.0,1.0
BICD2,A740T,Benign,0.803030303030303,clinical,94.07,52.0,
LMX1B,Y399F,Benign,0.7413793103448276,clinical,51.98,198.0,
SPTAN1,R1331S,Benign,0.7846153846153846,clinical,85.83,21.0,
ABL1,E275G,Benign,0.7903225806451613,clinical,69.55,188.0,214.0
KAT6B,G294E,Benign,0.7936507936507937,clinical,91.7,1.0,
KIF11,N445S,Pathogenic,0.7846153846153846,clinical,83.65,93.0,
PAX6,I117T,Benign,0.7777777777777778,clinical,95.02,16.0,
EXT2,T462N,Benign,0.8253968253968254,clinical,94.83,3.0,
EXT2,Y566S,Benign,0.7777777777777778,clinical,93.53,0.0,
EXT2,K653E,Benign,0.8253968253968254,clinical,60.29,150.0,
LRP5,E743A,Benign,0.7692307692307692,clinical,95.15,0.0,
TECTA,E1041D,Pathogenic,0.9076923076923077,clinical,72.2,176.0,
CACNA1C,M1125I,Benign,0.7719298245614035,clinical,91.84,37.0,
ABCC9,C788F,Benign,0.8461538461538461,clinical,88.98,3.0,
PTHLH,H45L,Benign,0.7878787878787878,clinical,94.29,92.0,
SCN8A,G1255D,Benign,0.8923076923076922,clinical,85.04,0.0,
ERBB3,P260A,Benign,0.7076923076923076,clinical,90.4,39.0,32.0
TBX5,Q224H,Benign,0.7121212121212122,clinical,95.77,75.0,
MED13L,R973W,Benign,0.7384615384615385,clinical,27.9,237.0,
MED13L,D811G,Benign,0.7846153846153846,clinical,48.18,127.0,
HPD,R225L,Benign,0.7192982456140351,clinical,90.63,55.0,61.0
EDNRB,L386R,Benign,0.9047619047619048,clinical,89.37,3.0,
CHD8,P1510L,Benign,0.7384615384615385,clinical,71.52,56.0,
NKX2-1,L146V,Pathogenic,0.7142857142857143,clinical,51.97,174.0,
OTX2,R94H,Benign,0.7741935483870968,clinical,96.1,133.0,
SIX1,L21P,Benign,0.8484848484848485,clinical,94.1,19.0,
TSHR,Y510H,Benign,0.7454545454545455,clinical,93.44,76.0,
TSHR,C600Y,Benign,0.7454545454545455,clinical,87.35,7.0,
AKT1,H405Y,Benign,0.7692307692307692,clinical,98.43,30.0,
SMAD3,P393H,Benign,0.9242424242424242,clinical,98.48,4.0,8.0
IGF1R,Q1214L,Benign,0.8,clinical,85.03,131.0,128.0
IGF1R,G1352D,Benign,0.703125,clinical,26.77,73.0,
TSC2,M276V,Benign,0.703125,clinical,92.95,0.0,
ABCA3,S693L,Benign,0.75,clinical,76.14,27.0,
GRIN2A,L1368F,Pathogenic,0.7142857142857143,clinical,26.71,170.0,
EFTUD2,R803Q,Benign,0.8333333333333334,clinical,88.9,46.0,
EFTUD2,A734D,Benign,0.8333333333333334,clinical,94.04,4.0,
EFTUD2,T319M,Benign,0.8636363636363636,clinical,96.98,6.0,
COL1A1,R574H,Benign,0.8,clinical,33.8,261.0,
SCN4A,T1684P,Benign,0.8,clinical,74.68,1.0,
TGIF1,S201F,Benign,0.9076923076923077,clinical,98.14,21.0,
EPG5,I2117T,Pathogenic,0.765625,clinical,84.93,1.0,
GNA11,L135R,Benign,0.8787878787878788,clinical,98.76,0.0,
COMP,S195Y,Benign,0.7846153846153846,clinical,89.0,9.0,
ATP1A3,S300F,Benign,0.828125,clinical,90.47,0.0,
KCNC3,T153I,Benign,0.703125,clinical,95.25,69.0,
PLCB4,H411D,Benign,0.8125,clinical,93.4,22.0,
KCNB1,F322L,Benign,0.7272727272727273,clinical,84.78,95.0,
GNAS,R912C,Benign,0.8478260869565217,clinical,,232.0,
CHRNA4,M177T,Benign,0.8,clinical,95.61,0.0,
MYH9,F763C,Benign,0.8307692307692307,clinical,85.46,0.0,
MYH9,D503N,Benign,0.7384615384615385,clinical,75.07,127.0,
EP300,T1669S,Benign,0.734375,clinical,66.51,69.0,
IZUMO1R,E45A,Pathogenic,0.9491525423728814,unifun,96.51,104.0,
IZUMO1R,E45K,Pathogenic,0.9661016949152542,unifun,96.51,104.0,
IZUMO1R,K163E,Pathogenic,0.9148936170212766,unifun,91.98,84.0,75.0
FAM83G,S610A,Pathogenic,0.796875,unifun,,,
WASHC1,K220R,Pathogenic,0.9024390243902439,unifun,,,
CD300LB,Y188F,Pathogenic,0.8852459016393442,unifun,30.24,206.0,
LEUTX,A61V,Pathogenic,0.8918918918918919,unifun,,,
KLRF2,Y7F,Pathogenic,0.8666666666666667,unifun,41.42,218.0,
MYO1C,S736A,Pathogenic,0.8653846153846154,unifun,89.37,46.0,
SULT2B1,S348G,Pathogenic,0.921875,unifun,48.87,113.0,
CBX4,T497A,Pathogenic,0.9047619047619048,unifun,37.1,130.0,
CLIC1,C59S,Pathogenic,0.7258064516129032,unifun,93.73,6.0,6.0
PIK3CD,S1039A,Pathogenic,0.8571428571428572,unifun,57.05,41.0,
PDHX,N190K,Pathogenic,0.803030303030303,unifun,91.93,78.0,105.0
PDHX,E193A,Pathogenic,0.8333333333333334,unifun,90.04,134.0,130.0
PDHX,E214A,Pathogenic,0.7424242424242424,unifun,90.65,134.0,120.0
EEF2K,S78A,Pathogenic,0.8125,unifun,43.07,82.0,
PITPNM1,S382A,Pathogenic,0.9047619047619048,unifun,28.04,118.0,
DDX3X,S152A,Pathogenic,0.7234042553191489,unifun,72.84,95.0,80.0
FCN1,A285V,Pathogenic,0.9365079365079365,unifun,98.73,25.0,24.0
FCN1,Y300F,Pathogenic,0.9365079365079365,unifun,98.35,139.0,138.0
WNT7A,S206A,Benign,0.7727272727272727,unifun,82.52,128.0,
PLPP3,D184E,Pathogenic,0.8620689655172413,unifun,95.76,87.0,
SOCS3,G53V,Benign,0.75,unifun,87.84,24.0,
ABCD4,Y319F,Benign,0.7230769230769231,unifun,90.86,31.0,
PTGES,R73L,Pathogenic,0.859375,unifun,98.82,131.0,104.0
PTGES,Y117F,Benign,0.734375,unifun,98.57,28.0,22.0
RASGRF2,S737A,Pathogenic,0.9047619047619048,unifun,30.75,105.0,
SCAMP3,P67L,Pathogenic,0.7142857142857143,unifun,37.14,130.0,
FFAR1,S123A,Pathogenic,0.78125,unifun,94.01,4.0,
AIM2,E21K,Pathogenic,0.8225806451612903,unifun,90.17,41.0,117.0
AIM2,F27L,Pathogenic,0.8888888888888888,unifun,83.58,58.0,
AIM2,T50A,Pathogenic,0.873015873015873,unifun,93.32,44.0,
AIM2,E147A,Pathogenic,0.8571428571428572,unifun,75.87,123.0,
SLC30A4,Y355F,Pathogenic,0.84375,unifun,92.51,127.0,
SLC30A4,Y404F,Pathogenic,0.734375,unifun,89.97,122.0,
SLC30A4,Y413F,Pathogenic,0.859375,unifun,81.7,85.0,
TM4SF5,G125A,Pathogenic,0.9365079365079365,unifun,90.6,17.0,
TM4SF5,E129A,Pathogenic,0.9206349206349207,unifun,89.4,93.0,
XPO1,H481Q,Pathogenic,0.765625,unifun,,,84.0
ARHGEF10,Q1338R,Pathogenic,0.7192982456140351,unifun,90.4,29.0,
PLSCR1,Y69F,Pathogenic,0.873015873015873,unifun,39.79,205.0,
PLSCR1,Y74F,Pathogenic,0.873015873015873,unifun,36.4,195.0,
SLC22A1,F32L,Pathogenic,0.859375,unifun,93.61,18.0,
SLC22A1,Y240F,Pathogenic,0.75,unifun,89.64,0.0,
SLC22A1,Y376F,Pathogenic,0.71875,unifun,91.87,62.0,
NPHP1,L180P,Pathogenic,0.7538461538461538,unifun,93.34,60.0,
NPHP1,P203L,Benign,0.7076923076923076,unifun,88.48,3.0,
FANCG,S7A,Pathogenic,0.9375,unifun,42.43,111.0,
SIVA1,Y34F,Pathogenic,0.8225806451612903,unifun,93.63,64.0,
INPPL1,T958A,Pathogenic,0.796875,unifun,36.09,118.0,
BIRC5,T117A,Pathogenic,0.8269230769230769,unifun,98.33,89.0,0.0
BIRC5,E126A,Pathogenic,0.7692307692307692,unifun,98.22,92.0,113.0
PDPK1,Y373F,Pathogenic,0.746031746031746,unifun,,,
FFAR2,Q148E,Pathogenic,0.859375,unifun,86.58,7.0,
MEFV,D330A,Pathogenic,0.9076923076923077,unifun,31.23,139.0,
KCNN4,V275A,Pathogenic,0.7121212121212122,unifun,95.27,75.0,
TTI1,S828A,Pathogenic,0.859375,unifun,43.02,112.0,
ZNHIT1,T103A,Pathogenic,0.7301587301587302,unifun,,,
DAPK3,T299A,Pathogenic,0.84375,unifun,85.24,4.0,
TGFB1I1,Y60F,Pathogenic,0.75,unifun,,,
CCP110,S170A,Pathogenic,0.890625,unifun,29.56,108.0,
CCP110,T194A,Pathogenic,0.90625,unifun,32.97,137.0,
FOXO3,S12A,Pathogenic,0.8888888888888888,unifun,54.54,105.0,
FOXO3,S644A,Pathogenic,0.7777777777777778,unifun,36.52,73.0,
KCNQ3,T246A,Benign,0.7727272727272727,unifun,83.59,90.0,
SMAD6,K173R,Pathogenic,0.8181818181818181,unifun,94.31,19.0,
PSTPIP1,Y345F,Pathogenic,0.703125,unifun,49.2,178.0,
SPRY2,P144L,Pathogenic,0.875,unifun,,,
TRAF3IP2,L324R,Pathogenic,0.7692307692307692,unifun,,,
DYRK3,S350A,Pathogenic,0.90625,unifun,94.99,42.0,
AKR1B10,C299S,Pathogenic,0.78125,unifun,93.74,11.0,12.0
AKR1B10,V301L,Pathogenic,0.9375,unifun,90.5,42.0,76.0
KDM1A,K503R,Pathogenic,0.7301587301587302,unifun,97.01,109.0,140.0
GSDME,D267A,Pathogenic,0.8,unifun,39.19,121.0,
CCNT1,C261Y,Pathogenic,0.875,unifun,,,172.0
BUB1B,D579E,Pathogenic,0.7580645161290323,unifun,33.42,143.0,
PLOD3,L208I,Pathogenic,0.8787878787878788,unifun,93.51,8.0,
DIAPH1,T768A,Pathogenic,0.859375,unifun,75.63,113.0,
DIAPH1,T1091A,Pathogenic,0.7777777777777778,unifun,95.13,74.0,
DIAPH1,T1238A,Pathogenic,0.8412698412698413,unifun,38.56,106.0,
PLIN3,Y251F,Pathogenic,0.796875,unifun,90.42,24.0,
PRMT3,V468A,Pathogenic,0.875,unifun,98.49,76.0,
HPGDS,D96N,Pathogenic,0.71875,unifun,,,
USO1,S942A,Pathogenic,0.7647058823529411,unifun,,,
PAGE4,T51A,Pathogenic,0.96,unifun,60.53,131.0,
NBN,S397A,Pathogenic,0.7846153846153846,unifun,38.42,95.0,
NBN,Q583K,Pathogenic,0.7846153846153846,unifun,31.83,183.0,
FCGR3B,S203P,Pathogenic,0.9230769230769231,unifun,54.41,96.0,
RNF40,E113Q,Pathogenic,0.796875,unifun,70.61,101.0,
PSIP1,V408A,Pathogenic,0.78125,unifun,,,81.0
RFPL1,S200A,Pathogenic,0.8064516129032258,unifun,95.66,82.0,
RFPL1,S287G,Pathogenic,0.9516129032258065,unifun,79.9,44.0,
PPP1R15A,Y262F,Pathogenic,0.875,unifun,31.74,211.0,
CBR3,D236A,Pathogenic,0.890625,unifun,78.76,75.0,55.0
DGAT1,T371A,Pathogenic,0.7966101694915254,unifun,91.09,56.0,
PIAS2,V467A,Pathogenic,0.75,unifun,62.95,126.0,
SRP72,D44E,Pathogenic,0.7121212121212122,unifun,91.89,31.0,72.0
TRPM2,R1404Q,Pathogenic,0.85,unifun,77.36,154.0,
TRPM2,Q1408E,Pathogenic,0.9333333333333333,unifun,79.86,142.0,
RECQL5,S727A,Pathogenic,0.859375,unifun,32.12,109.0,
AQP8,C8S,Pathogenic,0.859375,unifun,32.95,123.0,
AQP8,C247S,Pathogenic,0.875,unifun,94.57,29.0,
FCHSD2,S681A,Pathogenic,0.7142857142857143,unifun,,,
UFL1,S462A,Pathogenic,0.890625,unifun,33.65,95.0,
NFAT5,S134A,Pathogenic,0.85,unifun,30.09,103.0,
NFAT5,T135A,Pathogenic,0.75,unifun,33.56,134.0,
RHOBTB3,N138D,Pathogenic,0.7936507936507937,unifun,56.92,139.0,
RHOBTB3,D532E,Pathogenic,0.7619047619047619,unifun,93.86,56.0,
MFN2,S110N,Benign,0.8333333333333334,unifun,94.1,14.0,
LETM1,T192A,Pathogenic,0.7142857142857143,unifun,80.15,37.0,
STBD1,V206A,Pathogenic,0.7619047619047619,unifun,,,
HTR3B,N52S,Pathogenic,0.7301587301587302,unifun,95.92,66.0,
HTR3B,N138S,Pathogenic,0.859375,unifun,96.36,58.0,
ZBTB7A,R49H,Benign,0.8548387096774194,unifun,85.35,56.0,67.0
ZBTB7A,P184S,Pathogenic,0.8387096774193549,unifun,35.59,97.0,
ZBTB7A,Q322L,Pathogenic,0.7258064516129032,unifun,43.54,159.0,
ZBTB7A,K536R,Pathogenic,0.8548387096774194,unifun,33.82,184.0,
ZBTB7A,K539R,Pathogenic,0.8387096774193549,unifun,30.18,139.0,
MOCS3,G415A,Benign,0.765625,unifun,92.0,0.0,
CLDN9,N38S,Pathogenic,0.921875,unifun,54.34,185.0,159.0
IL33,E144K,Pathogenic,0.9047619047619048,unifun,84.93,73.0,10.0
IL33,E148K,Pathogenic,0.75,unifun,92.41,82.0,44.0
IL33,E165K,Pathogenic,0.90625,unifun,86.49,108.0,58.0
TTC4,N217K,Pathogenic,0.8688524590163934,unifun,87.78,82.0,
CLDN1,I32M,Pathogenic,0.875,unifun,90.96,41.0,
PTTG1,S165A,Pathogenic,0.78125,unifun,,,
HMHB1,E9A,Pathogenic,0.8421052631578947,unifun,67.6,188.0,
HMHB1,E10A,Pathogenic,0.8245614035087719,unifun,66.49,135.0,
HMHB1,G13A,Pathogenic,0.8947368421052632,unifun,80.0,76.0,
HMHB1,S14A,Pathogenic,0.9649122807017544,unifun,82.14,97.0,
HMHB1,V17A,Pathogenic,0.8245614035087719,unifun,87.05,113.0,
PLG,S741A,Pathogenic,0.8939393939393939,unifun,91.63,70.0,65.0
ADA,D60A,Pathogenic,0.8181818181818181,unifun,97.41,80.0,
C3,E1030A,Pathogenic,0.9230769230769231,unifun,86.16,101.0,106.0
C3,E1032A,Pathogenic,0.8307692307692307,unifun,84.31,175.0,78.0
C3,D1156A,Pathogenic,0.8,unifun,88.01,138.0,
C3,E1159A,Pathogenic,0.8923076923076922,unifun,86.78,76.0,125.0
KRAS,C180S,Pathogenic,0.7230769230769231,unifun,45.8,117.0,
HLA-DRA,L117R,Pathogenic,0.7090909090909091,unifun,,,34.0
HLA-DRA,P121S,Pathogenic,0.8,unifun,,,29.0
CRYAA,N123D,Pathogenic,0.7424242424242424,unifun,91.3,45.0,
APOE,T212A,Pathogenic,0.8939393939393939,unifun,56.99,72.0,16.0
SLC4A1,N642D,Pathogenic,0.8333333333333334,unifun,82.8,42.0,
ESR1,S104A,Pathogenic,0.7878787878787878,unifun,34.16,102.0,
ESR1,S106A,Pathogenic,0.7777777777777778,unifun,32.02,100.0,
MMP1,Y360F,Pathogenic,0.796875,unifun,97.8,48.0,
HMGCR,G807D,Benign,0.890625,unifun,87.49,32.0,
CAT,N526D,Pathogenic,0.703125,unifun,46.62,158.0,
ANXA1,S27A,Pathogenic,0.921875,unifun,92.82,86.0,
ANXA1,S45A,Pathogenic,0.90625,unifun,98.02,58.0,
TFF1,C82S,Pathogenic,0.7301587301587302,unifun,,,
TK1,S13A,Pathogenic,0.8253968253968254,unifun,,,
MYCN,E73K,Pathogenic,0.8615384615384616,unifun,43.46,179.0,
SERPINA5,K285E,Pathogenic,0.90625,unifun,93.18,165.0,
SERPINA5,K292E,Pathogenic,0.859375,unifun,93.93,184.0,
ISG15,T101A,Pathogenic,0.796875,unifun,87.1,41.0,37.0
IL6,A173V,Pathogenic,0.873015873015873,unifun,94.24,55.0,55.0
IL6,S204P,Pathogenic,0.7777777777777778,unifun,98.06,17.0,20.0
PGR,S400A,Pathogenic,0.8253968253968254,unifun,35.1,117.0,
CD2,K67R,Pathogenic,0.921875,unifun,95.61,91.0,
CD2,Q70K,Pathogenic,0.921875,unifun,97.41,23.0,
CD2,D111H,Pathogenic,0.78125,unifun,96.84,23.0,
EIF4E,E103A,Benign,0.8095238095238095,unifun,94.76,90.0,112.0
EIF4E,D104A,Benign,0.8125,unifun,97.71,20.0,24.0
NPM1,S4A,Pathogenic,0.796875,unifun,,,
NPM1,T199A,Pathogenic,0.84375,unifun,,,
NPM1,T219A,Pathogenic,0.71875,unifun,,,
CENPB,K4Q,Pathogenic,0.703125,unifun,,,124.0
CSF1R,Y708F,Pathogenic,0.803030303030303,unifun,38.96,51.0,
HEXB,R211K,Benign,0.8392857142857143,unifun,98.6,14.0,16.0
HEXB,E491Q,Benign,0.875,unifun,98.55,75.0,75.0
FH,S187A,Benign,0.9090909090909091,unifun,84.03,34.0,41.0
IGF1R,Y1346F,Pathogenic,0.703125,unifun,24.96,240.0,
NGFR,E420A,Pathogenic,0.71875,unifun,59.66,76.0,21.0
ADRB1,S475A,Pathogenic,0.7735849056603774,unifun,,,
ADRB1,S475T,Pathogenic,0.7924528301886793,unifun,,,
ADRB1,V477A,Pathogenic,0.8113207547169812,unifun,,,
FCGR3A,T223A,Pathogenic,0.7457627118644068,unifun,88.21,72.0,
GNAI3,V218A,Benign,0.8787878787878788,unifun,95.19,12.0,10.0
GNAI3,L249V,Benign,0.7878787878787878,unifun,97.92,13.0,19.0
ADRA2A,D94N,Benign,0.8235294117647058,unifun,98.33,0.0,2.0
ROS1,Y2334F,Pathogenic,0.703125,unifun,23.89,216.0,
VIL1,D61N,Pathogenic,0.71875,unifun,,,
GSTM1,H108Q,Pathogenic,0.8571428571428572,unifun,95.31,17.0,
GSTM1,M109I,Pathogenic,0.8888888888888888,unifun,96.39,90.0,
CSF1,S309A,Pathogenic,0.765625,unifun,40.22,113.0,
PDGFRB,Y778F,Pathogenic,0.7538461538461538,unifun,28.99,171.0,
IFIT2,K410E,Pathogenic,0.859375,unifun,96.88,80.0,
IFIT1,D34A,Pathogenic,0.703125,unifun,95.92,5.0,
IFIT1,Q42E,Pathogenic,0.90625,unifun,95.26,44.0,
ALOX5,S524A,Pathogenic,0.7580645161290323,unifun,97.62,0.0,
UBC,K63R,Pathogenic,0.734375,unifun,95.68,135.0,219.0
HSPA1A,K77Q,Pathogenic,0.7192982456140351,unifun,92.15,127.0,80.0
HSPA1A,K77R,Pathogenic,0.8596491228070176,unifun,92.15,127.0,80.0
HSPA1B,K77Q,Pathogenic,0.7192982456140351,unifun,90.85,78.0,145.0
HSPA1B,K77R,Pathogenic,0.8771929824561404,unifun,90.85,78.0,145.0
CCL3,D49A,Pathogenic,0.8214285714285714,unifun,98.26,69.0,126.0
CCL3,E89A,Pathogenic,0.8392857142857143,unifun,96.74,106.0,113.0
RRAS,G38V,Benign,0.84375,unifun,90.98,17.0,15.0
RRAS,S43N,Benign,0.84375,unifun,94.43,24.0,
HLA-C,S112G,Pathogenic,0.7142857142857143,unifun,,,66.0
BCL2,D34A,Pathogenic,0.873015873015873,unifun,46.99,136.0,
TGFB3,Q293R,Pathogenic,0.8923076923076922,unifun,45.39,198.0,
MAPT,S531A,Pathogenic,0.7777777777777778,unifun,42.18,99.0,
TFPI,R227L,Pathogenic,0.8125,unifun,93.97,235.0,677.0
SLC2A2,I322V,Pathogenic,0.7727272727272727,unifun,,,
RALA,R52W,Benign,0.8333333333333334,unifun,97.5,148.0,134.0
RALA,L206S,Benign,0.7230769230769231,unifun,49.0,218.0,
LAMP1,N76S,Pathogenic,0.84375,unifun,92.0,141.0,
PIM1,P81S,Pathogenic,0.8421052631578947,unifun,,,110.0
PIM1,N82K,Pathogenic,0.8245614035087719,unifun,,,108.0
TOP1,Y723F,Benign,0.8153846153846154,unifun,95.59,50.0,60.0
TOP2A,S1469A,Pathogenic,0.8253968253968254,unifun,34.19,105.0,
CETP,R218S,Pathogenic,0.8615384615384616,unifun,95.89,98.0,101.0
CETP,S247A,Pathogenic,0.7538461538461538,unifun,98.45,16.0,15.0
CDK4,P173S,Pathogenic,0.7692307692307692,unifun,47.63,137.0,80.0
MS4A1,N163D,Pathogenic,0.90625,unifun,84.13,48.0,
MS4A1,N166D,Pathogenic,0.90625,unifun,85.67,95.0,
FABP2,E64G,Pathogenic,0.8,unifun,93.82,106.0,99.0
FABP2,V67G,Pathogenic,0.8,unifun,94.46,71.0,69.0
FCGR1A,N306D,Pathogenic,0.9365079365079365,unifun,93.24,97.0,
ACE,S1299A,Pathogenic,0.734375,unifun,38.46,91.0,
CCL2,D26A,Pathogenic,0.746031746031746,unifun,62.74,148.0,155.0
CCL2,P31A,Pathogenic,0.8253968253968254,unifun,86.53,131.0,124.0
CCL2,V32A,Pathogenic,0.9365079365079365,unifun,89.72,57.0,51.0
CCL2,T33A,Pathogenic,0.9047619047619048,unifun,93.71,69.0,46.0
CFTR,K1250M,Benign,0.7846153846153846,unifun,84.13,12.0,
ITGA4,K590Q,Pathogenic,0.7619047619047619,unifun,62.85,176.0,
ITGA4,R591L,Pathogenic,0.746031746031746,unifun,56.72,247.0,
KRT5,E422A,Benign,0.7272727272727273,unifun,96.36,93.0,
CEACAM1,G81A,Pathogenic,0.9365079365079365,unifun,96.95,3.0,
OSM,R220G,Pathogenic,0.78125,unifun,50.67,205.0,
OSM,R221G,Pathogenic,0.734375,unifun,47.79,227.0,
HLA-E,V97A,Pathogenic,0.9,unifun,96.46,75.0,8.0
HLA-E,E173A,Pathogenic,0.8833333333333333,unifun,96.52,59.0,9.0
HLA-E,D183A,Pathogenic,0.8333333333333334,unifun,97.94,98.0,52.0
HLA-E,E187A,Pathogenic,0.7666666666666666,unifun,98.14,136.0,82.0
LCP1,S5A,Pathogenic,0.875,unifun,59.17,115.0,
CD59,K63E,Pathogenic,0.8307692307692307,unifun,95.72,38.0,
CD59,H69Q,Pathogenic,0.8615384615384616,unifun,96.01,45.0,
CD59,N82K,Pathogenic,0.8461538461538461,unifun,88.59,159.0,
HSD17B1,S135A,Pathogenic,0.84375,unifun,98.53,56.0,57.0
HSD17B1,L150V,Pathogenic,0.859375,unifun,98.22,40.0,34.0
DRD2,C126S,Benign,0.71875,unifun,94.66,12.0,
CCNB1,S133A,Pathogenic,0.703125,unifun,,,
IL1R1,D369A,Pathogenic,0.75,unifun,,,
KCNE1,E19K,Pathogenic,0.8615384615384616,unifun,79.99,106.0,
CD1D,V334A,Pathogenic,0.90625,unifun,57.98,127.0,
RPA2,S29A,Pathogenic,0.8709677419354839,unifun,49.1,114.0,
RPA2,G253A,Benign,0.7741935483870968,unifun,92.85,39.0,
GATA1,K137R,Pathogenic,0.7547169811320755,unifun,42.78,193.0,
NQO2,N162H,Pathogenic,0.828125,unifun,98.64,42.0,
SELP,E129D,Pathogenic,0.7192982456140351,unifun,89.46,8.0,
ATP2A2,F256V,Benign,0.8307692307692307,unifun,77.65,33.0,65.0
NPPB,T97A,Pathogenic,0.9206349206349207,unifun,62.31,88.0,
HSPA6,K563R,Pathogenic,0.7619047619047619,unifun,80.78,142.0,
IFNAR1,Y466F,Pathogenic,0.75,unifun,71.41,189.0,
JUND,P33A,Pathogenic,0.8524590163934427,unifun,45.07,125.0,
JUND,G34R,Pathogenic,0.8032786885245902,unifun,48.17,83.0,
JUND,P36A,Pathogenic,0.8524590163934427,unifun,56.47,122.0,
JUND,P37A,Pathogenic,0.8548387096774194,unifun,52.81,104.0,
CEBPB,T235S,Pathogenic,0.734375,unifun,,,
HLA-G,C66S,Pathogenic,0.8983050847457628,unifun,96.16,88.0,
HLA-G,E138Q,Pathogenic,0.9166666666666666,unifun,98.35,3.0,0.0
HLA-G,C171S,Pathogenic,0.8333333333333334,unifun,97.4,23.0,3.0
PTPN2,S304A,Pathogenic,0.84375,unifun,31.22,102.0,
PTPN2,K380Q,Pathogenic,0.703125,unifun,81.2,127.0,
ENG,C516S,Pathogenic,0.7272727272727273,unifun,82.75,59.0,
DDX5,K53R,Pathogenic,0.7213114754098361,unifun,85.04,204.0,184.0
PFKL,T527A,Benign,0.796875,unifun,98.29,13.0,
ALOX12,K416Q,Pathogenic,0.890625,unifun,95.43,112.0,
LAG3,D52A,Pathogenic,0.84375,unifun,67.72,76.0,
LAG3,Y99F,Pathogenic,0.78125,unifun,89.58,56.0,
LAG3,D131A,Pathogenic,0.703125,unifun,88.84,42.0,
RCC1,K4R,Pathogenic,0.7301587301587302,unifun,53.07,210.0,
ATF4,S215A,Pathogenic,0.71875,unifun,60.27,109.0,
ATF4,K311R,Pathogenic,0.90625,unifun,98.13,120.0,
ATF6,K152R,Pathogenic,0.7692307692307692,unifun,42.99,163.0,
VCAM1,S737A,Pathogenic,0.90625,unifun,36.55,95.0,
RXRA,S27A,Pathogenic,0.84375,unifun,41.26,114.0,
NFKB1,S903A,Pathogenic,0.873015873015873,unifun,27.43,103.0,
NFKB1,S907A,Pathogenic,0.8888888888888888,unifun,28.13,117.0,
CD33,Y340F,Pathogenic,0.7619047619047619,unifun,64.03,198.0,
CD33,Y358F,Pathogenic,0.8095238095238095,unifun,39.79,239.0,
CHRM3,E276A,Pathogenic,0.7538461538461538,unifun,54.33,111.0,
CHRM3,V281A,Pathogenic,0.8461538461538461,unifun,40.66,101.0,
ABCB4,T44A,Pathogenic,0.9076923076923077,unifun,91.9,65.0,
ABCB4,S49A,Pathogenic,0.7538461538461538,unifun,92.76,16.0,
S1PR1,T236A,Pathogenic,0.796875,unifun,60.5,103.0,
TAF1,S137A,Pathogenic,0.94,unifun,31.67,86.0,
C5AR1,G12A,Pathogenic,0.9375,unifun,48.34,54.0,
C5AR1,E199Q,Pathogenic,0.746031746031746,unifun,95.53,59.0,
KCNA5,T15A,Pathogenic,0.8615384615384616,unifun,32.32,124.0,
LHCGR,Y331F,Pathogenic,0.8769230769230769,unifun,37.89,223.0,
SFPQ,T687A,Pathogenic,0.7142857142857143,unifun,,,
GLRA1,G282A,Pathogenic,0.7230769230769231,unifun,95.6,34.0,
MCC,S828A,Pathogenic,0.7777777777777778,unifun,,,
AHCY,T84S,Benign,0.8484848484848485,unifun,98.87,2.0,0.0
FSHR,Y335F,Pathogenic,0.7142857142857143,unifun,48.94,179.0,
CYP3A7,K224T,Pathogenic,0.953125,unifun,90.83,31.0,
CYP3A7,K244E,Pathogenic,0.953125,unifun,92.95,188.0,
YY1,S118A,Pathogenic,0.8307692307692307,unifun,39.9,98.0,
DNMT1,T166A,Pathogenic,0.7704918032786885,unifun,30.34,119.0,
DNMT1,S169A,Pathogenic,0.8524590163934427,unifun,31.79,87.0,
DNMT1,A172S,Pathogenic,0.8524590163934427,unifun,33.29,103.0,
ANXA13,G2A,Pathogenic,0.7258064516129032,unifun,,,
AOAH,T61A,Pathogenic,0.8620689655172413,unifun,97.7,96.0,
HLA-DMA,I199N,Pathogenic,0.7037037037037037,unifun,,,17.0
HLA-DMB,E26K,Pathogenic,0.803921568627451,unifun,95.29,97.0,21.0
HLA-DMB,R128S,Pathogenic,0.9074074074074074,unifun,95.2,252.0,101.0
HTR2A,G463V,Pathogenic,0.921875,unifun,32.36,85.0,
HTR2A,V471A,Pathogenic,0.75,unifun,33.51,193.0,
SMARCA1,K214R,Benign,0.86,unifun,90.79,14.0,
EPHA3,V133E,Pathogenic,0.875,unifun,63.0,119.0,
LTK,Y862F,Pathogenic,0.8095238095238095,unifun,29.63,87.0,
NOS3,S114A,Pathogenic,0.921875,unifun,53.33,56.0,
PML,S518A,Pathogenic,0.765625,unifun,30.65,104.0,
PDHA2,S230A,Pathogenic,0.8181818181818181,unifun,98.35,18.0,
CDC25A,S76A,Pathogenic,0.71875,unifun,38.44,126.0,
CDC25A,S82A,Pathogenic,0.796875,unifun,46.41,102.0,
CDC25C,T130A,Pathogenic,0.71875,unifun,46.66,119.0,
CDC25C,S216A,Pathogenic,0.78125,unifun,40.65,98.0,
HLA-F,W83R,Pathogenic,0.9047619047619048,unifun,96.64,108.0,93.0
CEACAM8,N66S,Pathogenic,0.9682539682539683,unifun,98.49,25.0,22.0
CEACAM8,R78Q,Pathogenic,0.9516129032258065,unifun,98.61,52.0,47.0
INPP5B,C990S,Pathogenic,0.8166666666666667,unifun,90.62,61.0,
ARRB2,T382A,Pathogenic,0.8360655737704918,unifun,54.46,89.0,
GBP1,C589S,Pathogenic,0.890625,unifun,57.19,95.0,
DUT,S99A,Pathogenic,0.828125,unifun,,,
OR1D2,T312A,Pathogenic,0.8888888888888888,unifun,69.16,137.0,
SPR,S213A,Pathogenic,0.7575757575757576,unifun,98.41,0.0,
CLCN1,E291D,Benign,0.7846153846153846,unifun,91.48,79.0,
CLCN1,E500Q,Benign,0.8,unifun,92.05,0.0,
IRS1,Y632F,Benign,0.734375,unifun,42.61,216.0,
CHKA,K247R,Pathogenic,0.765625,unifun,94.21,130.0,132.0
PPM1A,D239N,Benign,0.8360655737704918,unifun,98.58,23.0,24.0
HMGCL,C323S,Pathogenic,0.7230769230769231,unifun,69.71,43.0,
BRCA1,S1457A,Pathogenic,0.7213114754098361,unifun,31.62,104.0,
BRCA1,G1656D,Benign,0.7049180327868853,unifun,93.81,46.0,57.0
LIPA,G77A,Pathogenic,0.7538461538461538,unifun,79.34,29.0,
CDKN1A,T80A,Pathogenic,0.8888888888888888,unifun,73.93,147.0,
ANP32A,E189A,Pathogenic,0.71875,unifun,,,
ANP32A,E196A,Pathogenic,0.71875,unifun,,,
CEACAM6,L78Q,Pathogenic,0.9444444444444444,unifun,98.57,36.0,
NNMT,R132K,Pathogenic,0.7619047619047619,unifun,98.8,35.0,
NNMT,D197A,Pathogenic,0.90625,unifun,98.84,5.0,
IFI27,K69R,Pathogenic,0.8653846153846154,unifun,44.7,181.0,
OPRL1,S363A,Pathogenic,0.9523809523809523,unifun,61.72,91.0,
BCL6,S260A,Pathogenic,0.84375,unifun,28.56,116.0,
RGS2,M5L,Pathogenic,0.84375,unifun,41.47,167.0,
RGS2,M16L,Pathogenic,0.84375,unifun,36.24,179.0,
RGS2,M33L,Pathogenic,0.765625,unifun,72.12,129.0,
CSK,Y184F,Pathogenic,0.859375,unifun,90.42,143.0,
STAT1,Y701F,Benign,0.7272727272727273,unifun,49.26,229.0,
AKR1C3,R226P,Pathogenic,0.875,unifun,86.2,112.0,110.0
AKR1C3,R226Q,Pathogenic,0.90625,unifun,86.2,112.0,110.0
PIK3CB,K342N,Pathogenic,0.765625,unifun,86.18,102.0,
PIK3CB,S1070A,Pathogenic,0.8125,unifun,34.55,148.0,
CASP2,L57F,Pathogenic,0.765625,unifun,91.81,2.0,
PTGIR,C383S,Pathogenic,0.734375,unifun,33.84,113.0,
ETV4,S101A,Pathogenic,0.8269230769230769,unifun,,,
MAGEA3,E314Q,Pathogenic,0.8409090909090909,unifun,40.74,269.0,
SYK,S297A,Pathogenic,0.8769230769230769,unifun,29.53,114.0,
ACADSB,V137L,Pathogenic,0.7121212121212122,unifun,98.84,0.0,
BAG6,D1001A,Pathogenic,0.7868852459016393,unifun,,,
ASMT,L11F,Pathogenic,0.7959183673469388,unifun,93.13,80.0,80.0
ASMT,H318D,Pathogenic,0.9111111111111111,unifun,98.72,79.0,82.0
GABRB2,T389A,Pathogenic,0.8923076923076922,unifun,38.15,137.0,
SLC6A8,A285P,Benign,0.7924528301886793,unifun,96.21,4.0,
PCYT1A,C37S,Pathogenic,0.875,unifun,53.9,125.0,
PRLHR,V368A,Pathogenic,0.8125,unifun,36.91,118.0,
SEPHS1,G268C,Benign,0.875,unifun,91.45,16.0,
SEPHS1,G270R,Benign,0.875,unifun,94.73,0.0,
CAMP,K151Q,Pathogenic,0.9230769230769231,unifun,72.29,144.0,
EMD,S49A,Pathogenic,0.8490566037735849,unifun,51.02,62.0,67.0
PEX5,S141A,Pathogenic,0.7049180327868853,unifun,43.91,62.0,
ERF,T526A,Pathogenic,0.9076923076923077,unifun,46.09,114.0,
CDK7,K41M,Benign,0.7777777777777778,unifun,88.51,26.0,
CDK9,K44R,Pathogenic,0.703125,unifun,97.1,96.0,85.0
RAB7A,V180A,Pathogenic,0.734375,unifun,86.45,61.0,80.0
BRCA2,T3387A,Pathogenic,0.8703703703703703,unifun,,,
HCFC1,T1095A,Pathogenic,0.8461538461538461,unifun,23.44,143.0,
CAV2,S36A,Pathogenic,0.890625,unifun,55.43,112.0,
HSD17B4,E408A,Benign,0.8571428571428572,unifun,96.0,23.0,
HSD17B4,D490A,Benign,0.746031746031746,unifun,98.37,85.0,
HSD17B4,D517A,Benign,0.8571428571428572,unifun,92.79,62.0,
HDGF,S165A,Pathogenic,0.7868852459016393,unifun,,,
NCBP2,D114A,Benign,0.828125,unifun,98.39,25.0,0.0
PPP5C,H304Q,Benign,0.765625,unifun,97.51,1.0,0.0
TTC3,S378A,Pathogenic,0.8571428571428572,unifun,27.68,117.0,
HIRA,T555A,Pathogenic,0.859375,unifun,23.92,138.0,
TERF1,S219A,Pathogenic,0.7142857142857143,unifun,92.38,98.0,84.0
ATP12A,K329E,Pathogenic,0.8,unifun,,,
EPHB4,L95R,Pathogenic,0.7878787878787878,unifun,88.68,26.0,0.0
PLTP,S66A,Pathogenic,0.7258064516129032,unifun,91.75,10.0,
PLTP,S145A,Pathogenic,0.7096774193548387,unifun,96.15,39.0,
VCP,E314A,Benign,0.7272727272727273,unifun,78.09,179.0,163.0
VCP,G318A,Benign,0.7846153846153846,unifun,79.8,25.0,52.0
MFAP4,S203Y,Pathogenic,0.8524590163934427,unifun,97.63,7.0,
F2RL1,I327L,Pathogenic,0.8148148148148149,unifun,93.36,5.0,
MTTP,K187R,Pathogenic,0.746031746031746,unifun,95.23,2.0,
MLLT10,V80A,Benign,0.7777777777777778,unifun,94.13,7.0,3.0
CASP6,C264S,Pathogenic,0.71875,unifun,,,
ADAR,K418R,Pathogenic,0.8571428571428572,unifun,30.94,179.0,
TCL1A,D16G,Pathogenic,0.8095238095238095,unifun,97.6,94.0,50.0
TCL1A,K30M,Pathogenic,0.9193548387096774,unifun,95.78,95.0,92.0
TCL1A,I74V,Pathogenic,0.9206349206349207,unifun,95.61,47.0,64.0
WNT3A,S209T,Benign,0.71875,unifun,83.0,137.0,
SIK1,S135A,Pathogenic,0.7538461538461538,unifun,97.36,19.0,
CORO7,K472R,Pathogenic,0.7777777777777778,unifun,,,
GSDMD,K204E,Pathogenic,0.7704918032786885,unifun,79.33,87.0,
GSDMD,D275A,Pathogenic,0.7213114754098361,unifun,35.78,17.0,
FOXL2,K25R,Pathogenic,0.75,unifun,47.4,201.0,
SLC26A5,F101Y,Pathogenic,0.8461538461538461,unifun,94.61,9.0,
NLRP6,L21R,Pathogenic,0.7704918032786885,unifun,91.4,3.0,
NLRP6,L23R,Pathogenic,0.8688524590163934,unifun,93.27,51.0,
NLRP6,H39R,Pathogenic,0.7540983606557377,unifun,87.49,86.0,
CD81,E188K,Pathogenic,0.8387096774193549,unifun,85.56,113.0,
SEC61B,C39S,Pathogenic,0.7580645161290323,unifun,,,
PRPS1,N144H,Benign,0.7169811320754718,unifun,97.52,5.0,
CDC42,G12V,Benign,0.8769230769230769,unifun,95.71,33.0,
UBE2D3,D87N,Benign,0.7377049180327868,unifun,94.58,85.0,
UBE2M,S6A,Pathogenic,0.71875,unifun,64.17,61.0,
RAP1B,S179A,Pathogenic,0.8,unifun,53.35,112.0,
NUTF2,E42K,Benign,0.8253968253968254,unifun,96.12,63.0,
ARF6,K3R,Pathogenic,0.703125,unifun,52.46,186.0,198.0
PPP2CB,H59Q,Benign,0.734375,unifun,98.64,2.0,
PPP2CB,H118Q,Benign,0.765625,unifun,98.67,8.0,
UBA52,R74G,Benign,0.7301587301587302,unifun,66.87,145.0,
GRB2,E89K,Benign,0.796875,unifun,85.31,112.0,66.0
YWHAZ,S184A,Pathogenic,0.8125,unifun,97.27,25.0,43.0
YWHAZ,T232A,Pathogenic,0.75,unifun,69.5,43.0,
ABCA4,P940R,Pathogenic,0.890625,unifun,53.34,137.0,
OLR1,C140S,Pathogenic,0.859375,unifun,57.51,89.0,
BTG2,P148A,Pathogenic,0.734375,unifun,51.08,120.0,
BTG2,S149A,Pathogenic,0.890625,unifun,49.61,112.0,
TFAM,T77A,Pathogenic,0.7727272727272727,unifun,97.14,75.0,
HSF1,K118R,Benign,0.7258064516129032,unifun,89.23,97.0,
HSF1,T142A,Pathogenic,0.8360655737704918,unifun,88.05,86.0,
HSF1,S216N,Pathogenic,0.8032786885245902,unifun,43.83,116.0,
HSF1,S230A,Pathogenic,0.7540983606557377,unifun,41.57,117.0,
HSF1,S319A,Pathogenic,0.8688524590163934,unifun,34.53,85.0,
HSF1,S320A,Pathogenic,0.819672131147541,unifun,30.59,102.0,
HSF1,S363A,Pathogenic,0.8666666666666667,unifun,42.66,111.0,
HNRNPU,D100A,Pathogenic,0.8615384615384616,unifun,31.4,153.0,
E2F1,S403A,Pathogenic,0.703125,unifun,51.0,80.0,
E2F1,Y411C,Benign,0.796875,unifun,54.3,187.0,
E2F1,T433A,Pathogenic,0.859375,unifun,58.39,116.0,
DEFA6,I93T,Pathogenic,0.9032258064516129,unifun,94.5,88.0,
SLC7A5,E303K,Pathogenic,0.71875,unifun,90.9,130.0,
EWSR1,R652K,Benign,0.7540983606557377,unifun,56.85,217.0,
SPIB,S144A,Pathogenic,0.746031746031746,unifun,71.25,110.0,
OCRL,D422A,Benign,0.8490566037735849,unifun,98.75,1.0,
OCRL,D499A,Benign,0.8679245283018868,unifun,98.85,0.0,
IRF8,K108R,Benign,0.7121212121212122,unifun,95.93,28.0,
GUCY2D,R822P,Benign,0.7076923076923076,unifun,67.06,183.0,
CYP4A11,E321A,Pathogenic,0.8412698412698413,unifun,97.14,53.0,
KMT2A,P13A,Pathogenic,0.746031746031746,unifun,,,
ERCC6,K205R,Pathogenic,0.90625,unifun,35.02,135.0,
KCNC4,S15A,Pathogenic,0.71875,unifun,40.2,113.0,
KCNC4,S21A,Pathogenic,0.734375,unifun,43.3,76.0,
PRKCQ,Y90F,Pathogenic,0.765625,unifun,88.29,103.0,
GLO1,T102A,Benign,0.828125,unifun,98.86,9.0,
AKR1C1,E127D,Pathogenic,0.9206349206349207,unifun,95.63,124.0,143.0
SRY,K136R,Pathogenic,0.7083333333333333,unifun,82.33,187.0,
PRKCD,S299A,Pathogenic,0.8769230769230769,unifun,48.31,73.0,
PRKCD,T507A,Benign,0.8153846153846154,unifun,84.0,46.0,
REG3A,E114Q,Pathogenic,0.921875,unifun,95.27,90.0,104.0
REG3A,E118Q,Pathogenic,0.9375,unifun,94.43,132.0,154.0
BTK,W251L,Benign,0.8269230769230769,unifun,85.49,7.0,
SULT2A1,M137I,Pathogenic,0.90625,unifun,88.96,5.0,
SULT2A1,Y238F,Pathogenic,0.9375,unifun,81.5,90.0,187.0
FMR1,R544K,Pathogenic,0.7547169811320755,unifun,37.37,260.0,
BAX,K21E,Pathogenic,0.8181818181818181,unifun,94.42,115.0,
BAX,K128R,Pathogenic,0.8939393939393939,unifun,77.52,187.0,
BAX,K189R,Pathogenic,0.8305084745762712,unifun,86.91,107.0,14.0
BAX,K190R,Pathogenic,0.8983050847457628,unifun,85.47,172.0,
TNK2,L197Q,Benign,0.7407407407407407,unifun,83.35,16.0,92.0
GOLGA3,D59A,Pathogenic,0.8095238095238095,unifun,31.51,168.0,
GOLGA3,D139A,Pathogenic,0.8412698412698413,unifun,33.13,150.0,
VAC14,G773A,Pathogenic,0.84375,unifun,47.38,40.0,
VAC14,D774A,Pathogenic,0.78125,unifun,42.32,120.0,
VAC14,D777A,Pathogenic,0.828125,unifun,39.94,128.0,
KCNA1,S446A,Pathogenic,0.7076923076923076,unifun,33.17,111.0,
EP300,R2142K,Pathogenic,0.703125,unifun,25.41,231.0,
INCA1,S23A,Pathogenic,0.9047619047619048,unifun,70.62,105.0,
INCA1,S194A,Pathogenic,0.8490566037735849,unifun,53.62,79.0,
BST2,K18R,Pathogenic,0.9375,unifun,81.19,132.0,
SREBF2,D478A,Benign,0.7301587301587302,unifun,82.79,25.0,
TFCP2,V211E,Benign,0.75,unifun,98.22,1.0,
TFCP2,I213R,Benign,0.796875,unifun,97.91,0.0,
GRIN2A,P552L,Benign,0.8153846153846154,unifun,83.93,18.0,
SLC10A2,N10D,Pathogenic,0.875,unifun,59.77,159.0,
TRAF2,T117A,Pathogenic,0.75,unifun,96.91,40.0,46.0
FOXC1,S241A,Pathogenic,0.71875,unifun,45.13,120.0,
TIAM1,K912E,Pathogenic,0.746031746031746,unifun,82.61,156.0,
TIAM1,K1404R,Pathogenic,0.7301587301587302,unifun,50.19,174.0,
PRDM2,A159V,Pathogenic,0.8225806451612903,unifun,63.05,29.0,
PRDM2,I188V,Pathogenic,0.8888888888888888,unifun,39.04,132.0,
FLII,G603S,Benign,0.7580645161290323,unifun,76.8,29.0,
TRAF1,D163A,Pathogenic,0.765625,unifun,39.45,155.0,
USP4,E463Q,Pathogenic,0.796875,unifun,93.72,107.0,
TRAF3,K168R,Pathogenic,0.859375,unifun,91.38,134.0,
PAK2,D212N,Pathogenic,0.75,unifun,31.77,155.0,
PAK2,G213A,Pathogenic,0.859375,unifun,33.16,71.0,
GPS2,P322A,Pathogenic,0.7936507936507937,unifun,,,
KLRD1,D163A,Pathogenic,0.8888888888888888,unifun,97.86,47.0,42.0
KLRD1,E164A,Pathogenic,0.8888888888888888,unifun,98.42,49.0,66.0
KLRD1,D168A,Pathogenic,0.9523809523809523,unifun,98.68,77.0,62.0
SRSF6,S303A,Pathogenic,0.765625,unifun,,,
TRIM28,K676R,Pathogenic,0.703125,unifun,33.19,188.0,133.0
KCNAB2,Y90F,Benign,0.8360655737704918,unifun,98.47,25.0,
PDE3B,A8D,Pathogenic,0.8387096774193549,unifun,38.17,78.0,
PDE3B,A10D,Pathogenic,0.8225806451612903,unifun,38.5,97.0,
PDE3B,S445A,Pathogenic,0.8548387096774194,unifun,32.2,124.0,
PDE3B,P449A,Pathogenic,0.9032258064516129,unifun,37.24,117.0,
XRCC4,K210R,Pathogenic,0.9076923076923077,unifun,52.79,125.0,
XRCC4,K296R,Pathogenic,0.803030303030303,unifun,37.79,208.0,
SMAD4,R416S,Benign,0.7575757575757576,unifun,89.01,121.0,46.0
SMAD4,R496S,Benign,0.9090909090909091,unifun,94.31,117.0,70.0
SQSTM1,D73A,Benign,0.8181818181818181,unifun,95.03,104.0,
SQSTM1,L413V,Benign,0.803030303030303,unifun,91.36,0.0,
RIPK1,S161A,Pathogenic,0.8153846153846154,unifun,67.81,38.0,
PEX6,D803N,Benign,0.9242424242424242,unifun,91.88,23.0,
MTMR2,D419A,Benign,0.8636363636363636,unifun,98.3,36.0,
CUL2,K719R,Benign,0.8709677419354839,unifun,93.17,97.0,
RAB32,Q85L,Benign,0.8125,unifun,77.46,129.0,
THOC5,Y225F,Pathogenic,0.71875,unifun,,,
TNFAIP1,S278A,Pathogenic,0.8412698412698413,unifun,,,
RAPGEF1,Y504F,Pathogenic,0.847457627118644,unifun,34.56,240.0,
RUNX2,S451A,Pathogenic,0.75,unifun,43.91,123.0,
KCNC3,G592R,Pathogenic,0.7936507936507937,unifun,39.19,87.0,
IL16,T757A,Pathogenic,0.9193548387096774,unifun,33.53,144.0,
IL16,D1211A,Pathogenic,0.8709677419354839,unifun,32.98,147.0,
TRIM14,K365R,Pathogenic,0.8125,unifun,94.13,37.0,
TRIM25,N71D,Pathogenic,0.9375,unifun,89.22,89.0,
GCKR,D413A,Pathogenic,0.7543859649122807,unifun,96.65,90.0,102.0
GRM2,A677S,Pathogenic,0.859375,unifun,87.2,75.0,
GRM2,A685G,Pathogenic,0.828125,unifun,95.59,58.0,
NEDD9,H754D,Benign,0.8225806451612903,unifun,91.96,20.0,
HIC1,K333R,Pathogenic,0.7580645161290323,unifun,32.37,180.0,
HIC1,E335A,Pathogenic,0.7419354838709677,unifun,34.03,156.0,
HIC1,P336A,Pathogenic,0.8225806451612903,unifun,39.36,128.0,
ZNF268,V88A,Pathogenic,0.746031746031746,unifun,82.74,72.0,
MDC1,K1840R,Pathogenic,0.8524590163934427,unifun,30.31,154.0,
MELK,Y163F,Pathogenic,0.734375,unifun,55.42,125.0,68.0
MELK,T446A,Pathogenic,0.765625,unifun,28.67,121.0,
MELK,T460A,Pathogenic,0.875,unifun,30.05,127.0,
MELK,T466A,Pathogenic,0.890625,unifun,34.18,131.0,
MELK,T478A,Pathogenic,0.84375,unifun,26.5,132.0,
LPIN1,K425R,Pathogenic,0.8688524590163934,unifun,30.25,213.0,
CASP8,S387A,Pathogenic,0.9206349206349207,unifun,31.94,56.0,
MEF2D,D288A,Pathogenic,0.8253968253968254,unifun,42.3,140.0,
GRM7,R622Q,Benign,0.7575757575757576,unifun,84.65,120.0,
NUMA1,T2106A,Pathogenic,0.8064516129032258,unifun,,,
TNIP1,Y552F,Pathogenic,0.78125,unifun,50.76,194.0,
DAZAP2,S77A,Pathogenic,0.8412698412698413,unifun,,,
POLD3,S458A,Pathogenic,0.7301587301587302,unifun,,,
AGER,S391A,Pathogenic,0.8524590163934427,unifun,57.08,95.0,
PDCD1,K233R,Pathogenic,0.90625,unifun,61.67,184.0,
EBP,F189L,Benign,0.7358490566037736,unifun,98.48,4.0,
PPP2R5B,Y52S,Pathogenic,0.7936507936507937,unifun,61.48,68.0,
ERBB4,V675A,Pathogenic,0.8923076923076922,unifun,77.05,74.0,
TAF7,K5R,Pathogenic,0.796875,unifun,,,
TAF7,S264A,Pathogenic,0.828125,unifun,,,32.0
ELAVL1,S158A,Pathogenic,0.7936507936507937,unifun,,,73.0
TAB1,S395A,Pathogenic,0.703125,unifun,,,
STK11,K44R,Benign,0.7424242424242424,unifun,93.07,84.0,
KCNJ8,V65L,Benign,0.8,unifun,91.89,6.0,
ADIPOQ,T21A,Pathogenic,0.890625,unifun,34.38,109.0,
ADIPOQ,T22A,Pathogenic,0.90625,unifun,36.62,105.0,
SCN9A,E822A,Benign,0.728813559322034,unifun,77.83,15.0,
SCN9A,A1643V,Benign,0.7796610169491526,unifun,83.53,4.0,
CAMK4,S12A,Pathogenic,0.796875,unifun,36.34,122.0,
CAMK4,S13A,Pathogenic,0.90625,unifun,31.32,115.0,
FXN,E96K,Benign,0.8615384615384616,unifun,96.41,49.0,60.0
FXN,D104G,Benign,0.7692307692307692,unifun,97.19,81.0,71.0
NREP,S59A,Pathogenic,0.847457627118644,unifun,60.84,100.0,
NFE2,K368R,Pathogenic,0.873015873015873,unifun,,,
IFI16,K99Q,Pathogenic,0.8888888888888888,unifun,30.72,190.0,
IFI16,K128Q,Pathogenic,0.7419354838709677,unifun,37.87,178.0,
RSPO1,Q71E,Benign,0.703125,unifun,94.64,91.0,
EML3,T881A,Pathogenic,0.8688524590163934,unifun,33.82,121.0,
EML3,S883A,Pathogenic,0.8032786885245902,unifun,34.12,105.0,
EML3,S889A,Pathogenic,0.819672131147541,unifun,35.86,102.0,
INAVA,S340A,Pathogenic,0.8928571428571429,unifun,40.52,112.0,
TKFC,S446A,Pathogenic,0.7166666666666667,unifun,92.02,93.0,
ARL13B,T35N,Benign,0.7424242424242424,unifun,96.27,25.0,
ARL13B,N130I,Benign,0.8484848484848485,unifun,98.52,4.0,
SV2C,S561A,Pathogenic,0.890625,unifun,89.36,40.0,
SLC22A6,T36A,Pathogenic,0.8125,unifun,88.31,0.0,
KLHL22,S18A,Pathogenic,0.84375,unifun,,,
SETMAR,S508A,Pathogenic,0.7758620689655172,unifun,,,
LACTB2,E118A,Pathogenic,0.859375,unifun,83.28,154.0,
KHDC3L,T145A,Pathogenic,0.8923076923076922,unifun,43.79,129.0,
KHDC3L,T156A,Pathogenic,0.8923076923076922,unifun,41.96,135.0,
TMEM97,E73Q,Benign,0.8032786885245902,unifun,97.48,17.0,
TMEM97,D122N,Pathogenic,0.8333333333333334,unifun,84.35,62.0,
TMEM97,E135Q,Pathogenic,0.8524590163934427,unifun,83.66,148.0,
TMEM97,E170Q,Pathogenic,0.7704918032786885,unifun,63.81,157.0,
TMEM97,E171Q,Pathogenic,0.8032786885245902,unifun,57.79,160.0,
SGO1,S73A,Pathogenic,0.8666666666666667,unifun,95.71,61.0,
SGO1,T146A,Pathogenic,0.9,unifun,36.4,128.0,
TMEM67,G979R,Benign,0.803030303030303,unifun,90.13,2.0,
SAMD9,K214E,Pathogenic,0.703125,unifun,88.0,72.0,
SAMD9,K257E,Pathogenic,0.734375,unifun,86.91,39.0,
LRRK2,S2409A,Pathogenic,0.9375,unifun,56.35,64.0,
LDLRAP1,E216A,Pathogenic,0.8636363636363636,unifun,48.35,160.0,
THEM4,S37A,Pathogenic,0.90625,unifun,34.72,115.0,
GPR158,K502E,Benign,0.8253968253968254,unifun,89.06,13.0,
ARMC12,V190A,Pathogenic,0.8833333333333333,unifun,,,
CDC42BPA,D478A,Pathogenic,0.746031746031746,unifun,37.74,142.0,
CDC42BPA,D984A,Pathogenic,0.7222222222222222,unifun,30.15,136.0,
ATG16L1,S139A,Pathogenic,0.8412698412698413,unifun,97.67,53.0,
ATG16L1,D299E,Pathogenic,0.8524590163934427,unifun,28.1,135.0,
CREB3L3,K294R,Pathogenic,0.8,unifun,97.26,161.0,
SLFN13,D251A,Pathogenic,0.7142857142857143,unifun,88.05,68.0,
PVRIG,Y233F,Pathogenic,0.8888888888888888,unifun,41.55,224.0,
FCRL6,Y356F,Pathogenic,0.8412698412698413,unifun,33.05,202.0,
FCRL6,Y371F,Pathogenic,0.8412698412698413,unifun,34.44,194.0,
LAIR1,Y281F,Pathogenic,0.7454545454545455,unifun,,,
RAET1G,S217P,Pathogenic,0.9666666666666667,unifun,29.4,110.0,
ZCCHC8,T492A,Pathogenic,0.7543859649122807,unifun,27.86,136.0,
SLC48A1,P36L,Pathogenic,0.7377049180327868,unifun,89.15,103.0,
TNFAIP8L2,S3A,Pathogenic,0.9375,unifun,72.46,111.0,
SLC2A7,I302V,Pathogenic,0.921875,unifun,89.63,1.0,
ADGRD1,T545A,Benign,0.7272727272727273,unifun,88.32,39.0,
ADGRD1,V554A,Pathogenic,0.7090909090909091,unifun,80.33,12.0,
CLEC2A,D162A,Pathogenic,0.8709677419354839,unifun,98.75,93.0,
PCSK4,S373A,Benign,0.703125,unifun,95.75,7.0,
ABRAXAS1,S404A,Pathogenic,0.896551724137931,unifun,39.2,91.0,
ABRAXAS1,S404P,Pathogenic,0.9310344827586207,unifun,39.2,91.0,
ALKAL2,C66Y,Pathogenic,0.8909090909090909,unifun,40.55,130.0,
CD300LD,R158S,Pathogenic,0.935483870967742,unifun,39.51,230.0,
DSTYK,K681Q,Benign,0.796875,unifun,93.85,19.0,
TRIM72,C144S,Pathogenic,0.9682539682539683,unifun,98.32,60.0,
PHLPP2,F783V,Pathogenic,0.7540983606557377,unifun,83.63,72.0,
PHLPP2,D806N,Pathogenic,0.7540983606557377,unifun,87.82,61.0,
PHLPP2,E989Q,Pathogenic,0.7049180327868853,unifun,93.36,81.0,
ADAMTS13,E83A,Benign,0.7301587301587302,unifun,93.57,15.0,
ADAMTS13,D173A,Benign,0.7777777777777778,unifun,94.67,3.0,
RHOU,Q107L,Benign,0.7777777777777778,unifun,90.4,42.0,
KCTD9,V125A,Pathogenic,0.921875,unifun,,,
CENPQ,S50A,Pathogenic,0.90625,unifun,30.9,122.0,
RTL10,D123A,Pathogenic,0.8448275862068966,unifun,86.35,45.0,
SLC26A9,E166A,Pathogenic,0.7142857142857143,unifun,89.29,69.0,
STRADA,T329A,Pathogenic,0.8923076923076922,unifun,40.45,114.0,
STRADA,T419A,Pathogenic,0.8769230769230769,unifun,28.45,107.0,
TAS1R3,F540L,Pathogenic,0.9047619047619048,unifun,92.75,170.0,
WAPL,T790A,Benign,0.7192982456140351,unifun,87.64,31.0,
ADGRG6,T819A,Pathogenic,0.8620689655172413,unifun,85.06,66.0,
USP37,S114A,Pathogenic,0.90625,unifun,25.21,92.0,
SLC9B2,P246S,Benign,0.71875,unifun,81.58,23.0,
SLC9B2,P246T,Benign,0.734375,unifun,81.58,23.0,
NOXA1,P34A,Pathogenic,0.9152542372881356,unifun,84.19,87.0,
NOXA1,P37A,Pathogenic,0.7966101694915254,unifun,88.65,34.0,
CD163,T1072A,Pathogenic,0.9523809523809523,unifun,68.49,75.0,
CD163,S1084A,Pathogenic,0.9047619047619048,unifun,42.42,99.0,
VPS36,V67A,Pathogenic,0.7142857142857143,unifun,,,11.0
TEN1,R119Q,Pathogenic,0.7142857142857143,unifun,,,
TICAM2,S6A,Pathogenic,0.7586206896551724,unifun,55.4,110.0,
TICAM2,S16A,Pathogenic,0.9310344827586207,unifun,39.56,115.0,
TICAM2,Y167F,Pathogenic,0.7741935483870968,unifun,85.64,161.0,
NUTM1,Q1046R,Pathogenic,0.9344262295081968,unifun,35.36,209.0,
XYLT1,E750K,Benign,0.75,unifun,97.2,19.0,
LDLRAD3,M36T,Pathogenic,0.75,unifun,81.97,105.0,
GATAD2A,K149R,Pathogenic,0.71875,unifun,,,
C2CD5,S197A,Pathogenic,0.71875,unifun,,,
JAML,K54E,Pathogenic,0.8103448275862069,unifun,92.88,57.0,
TICAM1,S202A,Pathogenic,0.7936507936507937,unifun,39.49,125.0,
TICAM1,C372R,Pathogenic,0.9365079365079365,unifun,35.99,125.0,
TICAM1,E493A,Pathogenic,0.7301587301587302,unifun,84.67,93.0,
APOBEC3F,E289K,Pathogenic,0.9047619047619048,unifun,96.7,110.0,
APOBEC3F,H294D,Pathogenic,0.7619047619047619,unifun,94.79,46.0,
GPIHBP1,Y38F,Pathogenic,0.9019607843137255,unifun,61.76,221.0,
APLF,E477A,Pathogenic,0.84375,unifun,66.13,167.0,
TRIM48,C46S,Pathogenic,0.7291666666666667,unifun,,,
RHOT1,S156A,Benign,0.78125,unifun,92.61,80.0,
ASXL1,V1108A,Pathogenic,0.734375,unifun,78.0,67.0,
FAM20C,S106A,Pathogenic,0.734375,unifun,33.08,113.0,
SLFN12,K213R,Pathogenic,0.8888888888888888,unifun,81.8,135.0,
NALCN,R989Q,Benign,0.8,unifun,94.48,4.0,
IFNL3,D58A,Pathogenic,0.873015873015873,unifun,98.49,50.0,
IFNL3,V118A,Pathogenic,0.8888888888888888,unifun,98.03,56.0,
TNS4,D570A,Pathogenic,0.921875,unifun,29.57,147.0,
CCAR2,T454A,Pathogenic,0.890625,unifun,39.77,123.0,
CCAR2,K591R,Pathogenic,0.8125,unifun,53.56,126.0,
GHDC,Q489R,Pathogenic,0.9047619047619048,unifun,91.22,121.0,
PIAS4,K128R,Pathogenic,0.78125,unifun,76.13,187.0,
MTURN,Y34F,Pathogenic,0.7096774193548387,unifun,,,
D2HGDH,T390A,Pathogenic,0.8181818181818181,unifun,93.9,29.0,
AFAP1L2,Y4F,Pathogenic,0.9047619047619048,unifun,74.68,170.0,
CERS5,S231A,Benign,0.765625,unifun,95.97,7.0,
TAB3,K649R,Pathogenic,0.9019607843137255,unifun,46.88,165.0,
ARRDC1,S310A,Pathogenic,0.828125,unifun,44.88,125.0,
CISD2,C92S,Pathogenic,0.8095238095238095,unifun,78.18,128.0,
SLC5A8,T608A,Pathogenic,0.9047619047619048,unifun,39.32,123.0,
MLKL,C86S,Pathogenic,0.8923076923076922,unifun,71.93,38.0,
MLKL,K331N,Pathogenic,0.8307692307692307,unifun,90.04,62.0,78.0
TMEM87A,L271F,Pathogenic,0.7142857142857143,unifun,,,
MINDY2,A546G,Benign,0.7068965517241379,unifun,79.3,59.0,
HJURP,S486A,Pathogenic,0.8148148148148149,unifun,34.4,112.0,
ZNRF1,S19A,Pathogenic,0.746031746031746,unifun,49.78,121.0,
ZNRF1,S82A,Pathogenic,0.9206349206349207,unifun,49.19,124.0,
DDHD1,D875A,Benign,0.8,unifun,93.95,23.0,
TRPV1,T550I,Pathogenic,0.9032258064516129,unifun,91.75,64.0,
NOXO1,P332A,Pathogenic,0.78125,unifun,50.6,39.0,
IPMK,Q163R,Pathogenic,0.734375,unifun,,,
TNIP2,S62A,Pathogenic,0.859375,unifun,73.65,53.0,
HELB,S967A,Pathogenic,0.967741935483871,unifun,27.54,104.0,
ZNRF2,S82A,Pathogenic,0.873015873015873,unifun,54.87,95.0,
ZNRF2,S145A,Pathogenic,0.75,unifun,57.81,100.0,
LILRB4,P35A,Pathogenic,0.7017543859649122,unifun,93.94,123.0,115.0
KDM2B,V1069A,Pathogenic,0.746031746031746,unifun,,,
SLC30A5,D599E,Benign,0.828125,unifun,87.04,38.0,
WDR48,K595E,Benign,0.828125,unifun,91.8,89.0,147.0
MPLKIP,S93A,Pathogenic,0.8787878787878788,unifun,41.84,117.0,
MPLKIP,S104A,Pathogenic,0.7121212121212122,unifun,49.01,118.0,
DEPTOR,S235A,Pathogenic,0.90625,unifun,31.02,86.0,
DEPTOR,Y289F,Pathogenic,0.8125,unifun,42.5,202.0,
CERK,S340A,Pathogenic,0.8125,unifun,88.78,46.0,
HM13,G264A,Benign,0.84375,unifun,93.58,38.0,
NEK9,T214A,Benign,0.8939393939393939,unifun,69.07,38.0,
TRPM4,G325A,Pathogenic,0.9375,unifun,44.11,61.0,
TRPM4,S1145A,Pathogenic,0.875,unifun,87.93,90.0,
TRPM4,S1152A,Pathogenic,0.828125,unifun,89.91,59.0,
CHD5,Q1390R,Pathogenic,0.875,unifun,35.07,196.0,
TCP10L,L82F,Pathogenic,0.75,unifun,,,
FNIP1,K1119R,Pathogenic,0.7833333333333333,unifun,89.94,74.0,
CLEC4C,S139A,Pathogenic,0.9365079365079365,unifun,98.69,23.0,
CLEC4C,V200A,Pathogenic,0.9206349206349207,unifun,98.56,49.0,
TBC1D22A,S165A,Pathogenic,0.78125,unifun,38.67,89.0,
AFG1L,E214Q,Benign,0.7543859649122807,unifun,89.24,35.0,
RSAD2,K197R,Pathogenic,0.873015873015873,unifun,79.38,220.0,
RSAD2,K206R,Pathogenic,0.796875,unifun,97.44,56.0,
SLC39A7,T294A,Pathogenic,0.8870967741935484,unifun,40.13,144.0,
RUBCN,S248A,Pathogenic,0.8448275862068966,unifun,29.22,103.0,
DYRK2,T106A,Pathogenic,0.90625,unifun,34.57,130.0,
DYRK2,S442A,Pathogenic,0.84375,unifun,97.62,60.0,61.0
HAS2,T110A,Pathogenic,0.796875,unifun,94.22,83.0,
HAS2,S221A,Pathogenic,0.765625,unifun,95.93,0.0,
TANK,E272A,Pathogenic,0.8125,unifun,35.81,173.0,
ERCC4,K911R,Pathogenic,0.9230769230769231,unifun,58.36,158.0,
ARHGEF2,T679A,Pathogenic,0.8888888888888888,unifun,36.26,109.0,
KAT5,K430R,Pathogenic,0.7419354838709677,unifun,81.72,182.0,
MR1,K65R,Pathogenic,0.8,unifun,98.55,12.0,123.0
NKD2,G2A,Pathogenic,0.703125,unifun,60.13,75.0,
FBXW7,T205A,Pathogenic,0.7230769230769231,unifun,29.3,114.0,
FBXW5,S151A,Pathogenic,0.7142857142857143,unifun,97.29,31.0,
APOBEC3D,E302K,Pathogenic,0.9344262295081968,unifun,97.21,97.0,
APOBEC3D,H307D,Pathogenic,0.8064516129032258,unifun,95.11,50.0,
APOBEC3D,E337A,Pathogenic,0.9193548387096774,unifun,95.71,94.0,
APOBEC3D,E337K,Pathogenic,0.9193548387096774,unifun,95.71,94.0,
RAD51AP1,K269R,Pathogenic,0.859375,unifun,49.79,198.0,
SPSB1,Y31F,Pathogenic,0.84375,unifun,,,
RNF25,C159S,Pathogenic,0.734375,unifun,94.33,1.0,
DHX58,K634E,Pathogenic,0.873015873015873,unifun,94.35,64.0,
DHX58,K651E,Pathogenic,0.7142857142857143,unifun,90.79,131.0,
ENTR1,E194A,Pathogenic,0.7068965517241379,unifun,,,
CHMP4C,S210A,Pathogenic,0.96875,unifun,43.83,124.0,
HAVCR1,K338R,Pathogenic,0.9444444444444444,unifun,74.03,130.0,
HAVCR1,K346R,Pathogenic,0.9423076923076923,unifun,75.86,162.0,
HVCN1,D112E,Benign,0.703125,unifun,87.52,4.0,
ERP27,D233G,Pathogenic,0.734375,unifun,,,
SLAMF6,S112A,Pathogenic,0.890625,unifun,92.91,9.0,
TRIM11,K458R,Pathogenic,0.90625,unifun,,,
ERO1A,C104S,Benign,0.7627118644067796,unifun,88.41,21.0,
PAWR,A66D,Pathogenic,0.890625,unifun,,,
ITCH,Y343F,Benign,0.8125,unifun,89.69,53.0,
ITCH,Y420F,Pathogenic,0.765625,unifun,69.99,68.0,
ITCH,Y455F,Benign,0.765625,unifun,87.56,54.0,
PBK,T320A,Pathogenic,0.8709677419354839,unifun,77.66,108.0,
PBK,V322A,Pathogenic,0.8548387096774194,unifun,46.49,173.0,
KIF16B,L1248V,Pathogenic,0.7413793103448276,unifun,59.65,155.0,148.0
SENP8,D10A,Benign,0.7142857142857143,unifun,96.55,150.0,27.0
KLHL15,H45L,Benign,0.8490566037735849,unifun,96.4,8.0,
NSMCE3,V270A,Pathogenic,0.7333333333333334,unifun,,,75.0
YTHDC1,S402A,Benign,0.75,unifun,97.47,2.0,
YTHDC1,N466D,Benign,0.796875,unifun,95.67,21.0,
MIA2,S705A,Pathogenic,0.8372093023255813,unifun,76.64,55.0,
FCRL4,Y463F,Pathogenic,0.765625,unifun,37.07,145.0,
FCRL4,Y493F,Pathogenic,0.734375,unifun,37.38,173.0,
SORCS2,T1027R,Pathogenic,0.9206349206349207,unifun,45.49,134.0,
UHRF2,C735S,Benign,0.796875,unifun,93.27,56.0,
SLITRK1,S695A,Pathogenic,0.8125,unifun,,,
ALKBH3,E123A,Pathogenic,0.859375,unifun,81.19,153.0,
GSDMA,I245N,Pathogenic,0.7777777777777778,unifun,33.29,97.0,
GSDMA,Q246E,Pathogenic,0.9047619047619048,unifun,34.2,48.0,
UIMC1,S205G,Pathogenic,0.8571428571428572,unifun,38.17,107.0,
WDR24,S155A,Pathogenic,0.8214285714285714,unifun,92.86,26.0,
PIGS,P335A,Benign,0.7575757575757576,unifun,92.26,38.0,
WRNIP1,T294A,Pathogenic,0.71875,unifun,,,
ZSCAN10,Q428R,Pathogenic,0.8032786885245902,unifun,79.75,103.0,
SERPINI1,S340A,Pathogenic,0.8939393939393939,unifun,95.4,0.0,
TBX5,K234R,Benign,0.8181818181818181,unifun,86.93,150.0,
RAD9A,Y28F,Pathogenic,0.71875,unifun,,,40.0
IL12RB2,Y678F,Pathogenic,0.890625,unifun,37.39,180.0,
IL12RB2,Y767F,Pathogenic,0.796875,unifun,28.61,213.0,
IL12RB2,Y800F,Pathogenic,0.75,unifun,28.11,216.0,
MAP3K5,T838A,Benign,0.7301587301587302,unifun,54.55,144.0,
SLC30A3,Y372F,Pathogenic,0.7936507936507937,unifun,94.2,54.0,
PIP5K1A,L215I,Pathogenic,0.734375,unifun,92.91,3.0,
TSG101,V89A,Benign,0.875,unifun,97.91,2.0,2.0
VRK1,T353A,Pathogenic,0.9076923076923077,unifun,27.22,118.0,
GDF15,V283A,Pathogenic,0.71875,unifun,96.32,67.0,70.0
NABP2,T117A,Pathogenic,0.859375,unifun,77.76,113.0,
SLC30A2,S296A,Pathogenic,0.8490566037735849,unifun,,,
NUDT16L1,K10E,Pathogenic,0.7704918032786885,unifun,,,
SDF4,E338Q,Benign,0.746031746031746,unifun,95.23,10.0,
PIMREG,S131A,Pathogenic,0.8421052631578947,unifun,39.01,117.0,
PCGF1,Y109F,Pathogenic,0.78125,unifun,94.38,27.0,
CRB3,N36D,Pathogenic,0.9206349206349207,unifun,40.55,145.0,
WRAP53,S64A,Pathogenic,0.953125,unifun,37.02,108.0,
CDCA7,T163A,Pathogenic,0.8412698412698413,unifun,37.23,116.0,
CDCA7,P165A,Pathogenic,0.8095238095238095,unifun,41.99,130.0,
RBM24,S181A,Pathogenic,0.78125,unifun,,,
TRPM6,T1851A,Pathogenic,0.873015873015873,unifun,81.14,103.0,
FANCD2,S222A,Pathogenic,0.8769230769230769,unifun,86.2,104.0,
CHMP4A,E209A,Pathogenic,0.7678571428571428,unifun,,,
ANGPTL4,E40D,Pathogenic,0.875,unifun,69.14,109.0,
PCGF6,S30A,Pathogenic,0.921875,unifun,41.97,107.0,
ACE2,D350A,Benign,0.7058823529411764,unifun,97.95,35.0,36.0
ACE2,R559S,Pathogenic,0.9215686274509804,unifun,97.79,135.0,113.0
GSDMC,D240A,Pathogenic,0.921875,unifun,72.57,50.0,
GSDMC,D365A,Pathogenic,0.859375,unifun,69.87,112.0,
SRXN1,C99S,Benign,0.7777777777777778,unifun,97.14,31.0,
WNK3,T541A,Pathogenic,0.8200000000000001,unifun,32.8,83.0,
ABCA2,Q271R,Pathogenic,0.8666666666666667,unifun,76.17,166.0,
PRKD2,Y87F,Pathogenic,0.7692307692307692,unifun,49.57,177.0,
SLC19A3,T93S,Pathogenic,0.8307692307692307,unifun,98.38,2.0,
SLC19A3,S168P,Pathogenic,0.8461538461538461,unifun,93.36,49.0,
TRIM7,S107A,Pathogenic,0.803921568627451,unifun,,,
TRIM7,S499A,Pathogenic,0.8095238095238095,unifun,,,0.0
AMBRA1,D482A,Pathogenic,0.7096774193548387,unifun,31.3,165.0,
AMBRA1,S1043A,Pathogenic,0.7704918032786885,unifun,35.35,105.0,
TTYH3,T128A,Benign,0.734375,unifun,94.67,9.0,
POLR1E,K373R,Pathogenic,0.8245614035087719,unifun,91.01,92.0,
EGLN1,Y303F,Benign,0.8153846153846154,unifun,97.05,13.0,18.0
LAT2,Y95F,Pathogenic,0.734375,unifun,62.8,170.0,
SHARPIN,V114D,Pathogenic,0.78125,unifun,91.72,77.0,
NT5C3A,D232N,Benign,0.7241379310344828,unifun,98.45,50.0,
CCDC8,P503A,Pathogenic,0.828125,unifun,47.52,110.0,
CCDC8,T504A,Pathogenic,0.9523809523809523,unifun,46.43,137.0,
ABCG4,K108M,Benign,0.8095238095238095,unifun,93.17,11.0,
TRPV6,T742A,Pathogenic,0.9215686274509804,unifun,45.29,92.0,
P2RY12,S156A,Pathogenic,0.8,unifun,97.37,7.0,4.0
CARD9,K125R,Pathogenic,0.8615384615384616,unifun,91.62,111.0,
TAOK3,S324A,Pathogenic,0.796875,unifun,26.89,118.0,
ACBD3,T254A,Benign,0.71875,unifun,93.27,11.0,
LIME1,Y167F,Pathogenic,0.7213114754098361,unifun,,,
LIME1,Y200F,Pathogenic,0.7419354838709677,unifun,,,
PIGU,P67A,Benign,0.765625,unifun,94.03,0.0,
PIGU,E283A,Benign,0.71875,unifun,88.77,180.0,
TOR3A,E236Q,Benign,0.796875,unifun,92.75,43.0,
DEF6,Y210F,Pathogenic,0.8153846153846154,unifun,96.73,4.0,
SMARCAD1,K528R,Benign,0.873015873015873,unifun,89.86,16.0,
RGCC,T111A,Pathogenic,0.9047619047619048,unifun,57.39,85.0,
DHX33,K103N,Benign,0.75,unifun,89.6,10.0,
RUBCNL,S157A,Pathogenic,0.896551724137931,unifun,29.3,107.0,
METTL8,K80R,Pathogenic,0.8360655737704918,unifun,94.51,87.0,
GORASP2,S441A,Pathogenic,0.8571428571428572,unifun,40.06,120.0,
GORASP2,S449A,Pathogenic,0.873015873015873,unifun,53.12,106.0,
GORASP2,S451A,Pathogenic,0.8571428571428572,unifun,63.29,116.0,
WDR54,K280R,Pathogenic,0.828125,unifun,97.16,74.0,
UGT1A10,F93Y,Pathogenic,0.9047619047619048,unifun,89.43,24.0,
CDHR5,R109G,Pathogenic,0.7619047619047619,unifun,96.94,115.0,
GP6,K79E,Pathogenic,0.9365079365079365,unifun,97.82,109.0,
BCL2L10,K119R,Pathogenic,0.9423076923076923,unifun,81.65,172.0,
BCL2L10,K120R,Pathogenic,0.9423076923076923,unifun,84.44,174.0,
BCL2L10,K128R,Pathogenic,0.9433962264150944,unifun,51.59,190.0,
ACP6,Y106F,Pathogenic,0.9180327868852459,unifun,97.41,46.0,169.0
ACP6,Y110F,Pathogenic,0.7049180327868853,unifun,96.48,18.0,16.0
MKKS,L454P,Benign,0.8181818181818181,unifun,97.25,1.0,
KMT5A,K162R,Pathogenic,0.7450980392156863,unifun,36.33,197.0,
TCIM,K86Q,Pathogenic,0.8070175438596492,unifun,89.21,139.0,
TCIM,T88K,Pathogenic,0.8421052631578947,unifun,82.37,48.0,
ASH1L,Q1220R,Pathogenic,0.8253968253968254,unifun,,,
TLR8,V520A,Pathogenic,0.9183673469387755,unifun,96.41,58.0,54.0
SIRT7,R388K,Pathogenic,0.7936507936507937,unifun,61.61,102.0,
DISC1,K372R,Pathogenic,0.921875,unifun,94.17,92.0,
SLC2A9,C330S,Pathogenic,0.7575757575757576,unifun,93.68,0.0,
STK36,K33R,Benign,0.7777777777777778,unifun,92.18,30.0,
UBQLN4,S318A,Pathogenic,0.875,unifun,,,
APOBEC3C,S81P,Pathogenic,0.8571428571428572,unifun,94.29,39.0,
APOBEC3C,E106K,Pathogenic,0.9047619047619048,unifun,96.22,105.0,
APOBEC3C,H111D,Pathogenic,0.7936507936507937,unifun,95.73,52.0,
APOBEC3C,E141K,Pathogenic,0.9047619047619048,unifun,90.31,103.0,
GLRX2,S78P,Pathogenic,0.7868852459016393,unifun,97.12,90.0,
TOPORS,K560R,Pathogenic,0.8412698412698413,unifun,39.84,148.0,
TOPORS,S718A,Pathogenic,0.8095238095238095,unifun,33.12,124.0,
LANCL2,G2A,Pathogenic,0.765625,unifun,43.94,74.0,
PNPLA3,C15S,Pathogenic,0.703125,unifun,93.0,5.0,
NDFIP2,Y167F,Pathogenic,0.84375,unifun,48.61,210.0,
ATAD3A,K406E,Benign,0.8333333333333334,unifun,93.04,12.0,
ASF1B,D36A,Pathogenic,0.746031746031746,unifun,95.2,74.0,
DDIT4,S19A,Pathogenic,0.828125,unifun,44.7,105.0,
RNF186,A64T,Pathogenic,0.8225806451612903,unifun,94.23,27.0,
DNAJB12,H185R,Pathogenic,0.7868852459016393,unifun,32.72,209.0,
CLEC5A,K16I,Pathogenic,0.7619047619047619,unifun,,,
PPP4R2,E106A,Benign,0.8125,unifun,97.42,40.0,
PLA2G3,N167S,Pathogenic,0.84375,unifun,88.17,77.0,
PLA2G3,N280S,Pathogenic,0.84375,unifun,85.64,123.0,
PSENEN,C15S,Benign,0.7272727272727273,unifun,95.06,0.0,
PODXL2,T124A,Pathogenic,0.84375,unifun,39.76,124.0,
TREM2,N20D,Pathogenic,0.803030303030303,unifun,81.99,138.0,
CABP1,D249A,Benign,0.796875,unifun,80.39,40.0,
CHMP5,K7R,Pathogenic,0.859375,unifun,,,
CLEC1B,E184A,Pathogenic,0.828125,unifun,93.33,125.0,152.0
CLEC1B,E187A,Pathogenic,0.9375,unifun,93.91,72.0,69.0
CLEC1B,D188A,Pathogenic,0.921875,unifun,86.74,154.0,149.0
PLCE1,R2150L,Pathogenic,0.7538461538461538,unifun,86.68,166.0,
UVRAG,S498A,Pathogenic,0.796875,unifun,32.07,112.0,
PEMT,E181D,Pathogenic,0.8032786885245902,unifun,92.92,94.0,
UBA2,H184Q,Benign,0.7846153846153846,unifun,94.49,12.0,
VTI1B,P76S,Pathogenic,0.8253968253968254,unifun,83.36,82.0,
GIMAP2,S54A,Pathogenic,0.90625,unifun,53.82,115.0,138.0
STAP2,Y22F,Pathogenic,0.8524590163934427,unifun,93.1,33.0,
STAP2,Y310F,Pathogenic,0.7540983606557377,unifun,40.36,234.0,
STAP2,Y322F,Pathogenic,0.7704918032786885,unifun,46.11,229.0,
ASIC3,T529A,Pathogenic,0.7586206896551724,unifun,,,
PCSK1N,V235A,Pathogenic,0.7843137254901961,unifun,,,
PCSK1N,E246A,Pathogenic,0.7254901960784313,unifun,,,
ADGRE2,S518A,Pathogenic,0.8260869565217391,unifun,92.22,17.0,
TRMT112,S10F,Pathogenic,0.7111111111111111,unifun,86.73,44.0,0.0
PRSS50,T310A,Pathogenic,0.84375,unifun,80.19,20.0,
SLC24A2,N111D,Pathogenic,0.890625,unifun,27.75,177.0,
DAPK2,S318A,Pathogenic,0.7903225806451613,unifun,,,
ZMYM5,N112H,Pathogenic,0.8095238095238095,unifun,51.57,163.0,
ZMYM5,S114G,Pathogenic,0.8253968253968254,unifun,73.33,50.0,
DBNL,D361A,Pathogenic,0.8688524590163934,unifun,33.85,116.0,
NOCT,D324A,Benign,0.864406779661017,unifun,98.88,2.0,
FEM1B,D356A,Benign,0.75,unifun,95.83,127.0,
FBXO4,S12A,Pathogenic,0.921875,unifun,36.09,104.0,
FBXO4,P13A,Pathogenic,0.90625,unifun,36.15,114.0,
RAB21,Q78L,Benign,0.890625,unifun,65.97,33.0,
FZD4,D371A,Benign,0.7727272727272727,unifun,93.87,32.0,
FZD4,E458A,Benign,0.7575757575757576,unifun,92.5,18.0,
HSF4,K293R,Pathogenic,0.703125,unifun,47.31,178.0,
CLEC4A,Y7F,Pathogenic,0.7301587301587302,unifun,,,
DAPP1,R61K,Benign,0.8125,unifun,94.04,2.0,
PLA2G4C,C538S,Pathogenic,0.8596491228070176,unifun,30.91,126.0,
DOLK,E474A,Benign,0.7878787878787878,unifun,96.92,43.0,
DOLK,G475A,Benign,0.8636363636363636,unifun,95.47,2.0,
CEP164,S186A,Pathogenic,0.875,unifun,32.18,102.0,
TRAK1,S447A,Pathogenic,0.75,unifun,28.26,121.0,
TRAK1,S938A,Pathogenic,0.84375,unifun,38.72,131.0,
DICER1,E1313A,Benign,0.8615384615384616,unifun,90.23,61.0,
DICER1,E1340A,Benign,0.8615384615384616,unifun,83.46,42.0,
PA2G4,S361A,Pathogenic,0.7142857142857143,unifun,,,
PA2G4,T366A,Pathogenic,0.7936507936507937,unifun,,,
EXO1,D173A,Benign,0.859375,unifun,91.43,5.0,2.0
ERVW-1,R317T,Pathogenic,0.8135593220338984,unifun,,,
MAPK8IP1,P704A,Benign,0.71875,unifun,45.1,73.0,
HDAC5,T292A,Pathogenic,0.8833333333333333,unifun,39.61,94.0,
CAMK2A,T286A,Benign,0.7384615384615385,unifun,91.78,3.0,6.0
RUVBL2,K83M,Benign,0.8524590163934427,unifun,92.94,9.0,13.0
AKT3,T447A,Benign,0.796875,unifun,49.86,82.0,
RUVBL1,K76M,Benign,0.890625,unifun,94.68,15.0,
SLC5A6,T366A,Benign,0.7538461538461538,unifun,93.03,1.0,
ASF1A,S192A,Pathogenic,0.7777777777777778,unifun,40.79,104.0,
ZBTB1,I325S,Pathogenic,0.7301587301587302,unifun,,,
ZBTB1,I326N,Pathogenic,0.746031746031746,unifun,,,
KCNIP3,D61A,Pathogenic,0.7258064516129032,unifun,,,
KCNIP3,D64A,Pathogenic,0.7142857142857143,unifun,,,
SH3GLB1,V8M,Pathogenic,0.8125,unifun,,,
RNF11,M103V,Benign,0.765625,unifun,96.3,137.0,
L3MBTL1,D316N,Benign,0.7017543859649122,unifun,98.04,18.0,31.0
DCAF1,K194R,Pathogenic,0.7678571428571428,unifun,47.3,172.0,
CHST2,D519A,Benign,0.703125,unifun,93.57,68.0,
PLEKHM1,E729A,Pathogenic,0.7142857142857143,unifun,73.02,80.0,
TRAF6,K142R,Pathogenic,0.875,unifun,,,87.0
TELO2,S485A,Pathogenic,0.9090909090909091,unifun,33.89,109.0,
RIPK3,S227A,Pathogenic,0.9047619047619048,unifun,80.84,72.0,
PTGDR2,T347A,Pathogenic,0.9375,unifun,43.28,126.0,
SPIN1,S109A,Pathogenic,0.746031746031746,unifun,97.65,47.0,52.0
AUP1,E408A,Pathogenic,0.7142857142857143,unifun,,,
EID1,E182Q,Pathogenic,0.746031746031746,unifun,59.57,178.0,
ARFGEF1,S883A,Pathogenic,0.765625,unifun,60.25,80.0,
STK24,T18A,Pathogenic,0.9193548387096774,unifun,27.04,136.0,
EPN1,S382A,Pathogenic,0.85,unifun,38.17,116.0,
SLCO1B1,Y367F,Pathogenic,0.9230769230769231,unifun,93.0,1.0,
SLCO1B1,Y625F,Pathogenic,0.9230769230769231,unifun,96.98,10.0,
SLCO1B1,Y645F,Pathogenic,0.9384615384615385,unifun,94.17,165.0,
